Protein_A	Protein_B	Score
CDCA8	INCENP	0.999
SF3B1	CDC5L	0.999
SMG9	SMG1	0.999
PRRC2C	SON	0.999
DLGAP5	HMMR	0.999
TP53BP1	BRCA1	0.999
DNMT1	UHRF1	0.999
LIG1	FEN1	0.999
NPM1	NCL	0.999
KIF23	RACGAP1	0.999
RANBP2	NUP214	0.999
SEC16A	SEC24A	0.999
NCAPH	NCAPG	0.999
SMG1	SMG7	0.999
CDC5L	CWC25	0.998
BMS1	NGDN	0.998
BMS1	UTP14A	0.998
SF3B1	RBM17	0.997
ANLN	RACGAP1	0.997
NOP2	FTSJ3	0.997
NGDN	DNTTIP2	0.997
BMS1	RSL1D1	0.996
BMS1	DNTTIP2	0.996
UTP14A	NGDN	0.996
MSH6	BRCA1	0.996
DLGAP5	ASPM	0.994
STIL	CENPJ	0.994
BMS1	EXOSC10	0.992
SSRP1	RTF1	0.992
CWF19L2	CDC5L	0.992
RANBP2	AHCTF1	0.992
EXOSC10	UTP14A	0.99
FTSJ3	RSL1D1	0.99
RANBP2	TPR	0.99
KIF23	ANLN	0.989
RRP1B	RSL1D1	0.987
KIF23	ASPM	0.987
CENPF	ASPM	0.987
LIG1	UHRF1	0.987
UTP14A	DNTTIP2	0.987
TRIM28	DNMT1	0.985
UTP14A	RSL1D1	0.983
DNTTIP2	RSL1D1	0.983
POLD3	FEN1	0.983
NPM1	HJURP	0.983
NOP2	RSL1D1	0.982
E2F8	E2F7	0.981
CASC3	CWC25	0.981
CENPF	MKI67	0.979
DLGAP5	PBK	0.979
TPX2	HMMR	0.979
DLGAP5	TPX2	0.978
KIF23	INCENP	0.977
DLGAP5	TTK	0.977
DLGAP5	CENPF	0.976
COIL	NOLC1	0.976
NPM1	CTCF	0.975
NCAPG	TTK	0.973
NCAPG	ASPM	0.972
ASPM	STIL	0.972
ESPL1	CDCA8	0.972
DPF2	PBRM1	0.971
KIF15	ASPM	0.971
TTK	PBK	0.969
UTP14A	FTSJ3	0.968
CREBBP	BRCA1	0.968
SKA3	CENPF	0.968
SAV1	RASSF1	0.967
CENPF	TTK	0.967
DLGAP5	NUSAP1	0.965
NUP214	AHCTF1	0.965
TPX2	NUSAP1	0.964
HMMR	BRCA1	0.964
NGDN	RSL1D1	0.963
BMS1	FTSJ3	0.963
PTPN12	BCAR1	0.962
CENPF	CDCA8	0.962
ASPM	MKI67	0.962
DLGAP5	CDCA8	0.961
KIF15	TTK	0.961
RPA1	BRCA1	0.96
KIF15	CENPF	0.959
NUP214	TPR	0.958
ASPM	TTK	0.957
KIF20B	RACGAP1	0.954
PBK	NUSAP1	0.954
TPX2	CENPF	0.954
TPX2	MKI67	0.954
KIF23	CDCA8	0.954
TNRC6A	DCP1A	0.953
THOC2	CDC5L	0.953
ATXN2L	ATXN2	0.953
ASPM	PBK	0.951
DLGAP5	KIF23	0.951
NOLC1	RSL1D1	0.95
ASPM	CDCA8	0.95
MSH6	FEN1	0.95
NCAPG	KIF23	0.949
TPX2	ASPM	0.949
CDCA8	NUSAP1	0.949
CENPF	PBK	0.949
NCAPG	TPX2	0.949
TPX2	KIF15	0.948
SMG9	SMG7	0.948
RANBP2	POM121	0.948
DLGAP5	NCAPG	0.948
RB1	KDM5A	0.947
CENPF	HJURP	0.946
DLGAP5	HJURP	0.946
MKI67	HJURP	0.946
BAZ1B	MYBBP1A	0.946
TTK	CDCA8	0.946
BAZ1B	BAZ1A	0.946
TPX2	PBK	0.945
ESPL1	TTK	0.945
RRP1B	FTSJ3	0.945
EXOSC10	DNTTIP2	0.945
CENPF	NUSAP1	0.944
ESPL1	INCENP	0.944
BRCA1	PIAS1	0.943
NPM1	SURF6	0.943
MKI67	NUSAP1	0.943
ASPM	CENPJ	0.942
HCFC1	ASXL2	0.94
ASPM	NUSAP1	0.94
CDC25B	CDC25A	0.938
RRP1B	NOP2	0.937
DLGAP5	KIF15	0.937
TRIM28	UHRF1	0.936
TPX2	TTK	0.935
KIF15	MKI67	0.935
DLGAP5	RACGAP1	0.935
BAZ1B	DEK	0.934
CDCA8	RACGAP1	0.934
NUP214	DEK	0.932
MYBBP1A	DEK	0.932
NCAPG	NUSAP1	0.931
TTK	DEPDC1	0.931
RAD18	TP53BP1	0.931
ASPM	HJURP	0.931
KIF23	CENPF	0.93
CDC25A	BRCA1	0.929
DDX5	HNRNPA1	0.929
TTK	HJURP	0.929
SF3B1	DEK	0.928
RPA1	POLD3	0.928
ASPM	HMMR	0.928
RB1	TP53BP1	0.928
CENPF	HMMR	0.927
HJURP	NUSAP1	0.926
KIF15	NUSAP1	0.926
ESPL1	CENPF	0.926
TTK	NUSAP1	0.926
HAUS6	NUMA1	0.924
NPM1	NOP2	0.924
NCAPG	CENPF	0.924
BRCA1	CDC27	0.923
NPM1	HNRNPA1	0.923
ANLN	TPX2	0.923
MKI67	CDCA8	0.923
CDCA8	HJURP	0.923
SURF6	FTSJ3	0.922
TPX2	BRCA1	0.922
CENPJ	BRCA1	0.92
NCAPG	PBK	0.92
INCENP	RACGAP1	0.92
SF3B1	BAZ1B	0.919
NCAPG	KIF15	0.919
TPX2	CDCA8	0.919
PRRC2C	UBAP2L	0.915
THOC2	TPR	0.914
DLGAP5	ANLN	0.914
CKAP2L	HJURP	0.913
CDCA8	PBK	0.912
MSH6	RPA1	0.91
RRP1B	SURF6	0.909
NCAPG	HMMR	0.909
NCAPG	MKI67	0.908
NCAPH	CDCA8	0.908
SF3B1	MYBBP1A	0.908
HMMR	DEPDC1	0.907
KIF23	TPX2	0.906
TACC3	CDCA8	0.904
HCFC1	TEX10	0.904
MGA	TEX10	0.903
AHCTF1	POM121	0.903
TPX2	DEPDC1	0.903
DLGAP5	MKI67	0.902
PHC2	UBAP2L	0.902
KIF15	CDCA8	0.902
MGA	HCFC1	0.902
PHC2	CDC27	0.901
KIF15	HMMR	0.901
PHC2	BRCA1	0.901
SURF6	RSL1D1	0.901
DDX5	SF3B1	0.901
CRIPT	SF3B1	0.9
ANLN	ASPM	0.9
KIF23	NUSAP1	0.9
PPRC1	HCFC1	0.899
FEN1	RECQL	0.898
DLGAP5	CKAP2L	0.897
HMMR	NUSAP1	0.896
NUMA1	GPSM1	0.896
MKI67	HMMR	0.896
DDX5	DDX3X	0.896
HJURP	PBK	0.896
RAD18	BRCA1	0.895
KIF23	KIF15	0.893
HMMR	PBK	0.893
NCAPH	KIF15	0.892
NUP214	POM121	0.892
TPX2	HJURP	0.892
HJURP	GTSE1	0.889
KIF23	HMMR	0.889
THOC2	ZC3H11A	0.888
NCAPH	TTK	0.886
ANLN	INCENP	0.885
NCL	NOLC1	0.885
KIF23	PBK	0.884
KIF15	KIF20B	0.883
CKAP2L	ASPM	0.883
PNN	CASC3	0.882
NCAPG	HJURP	0.882
TTK	HMMR	0.881
DLGAP5	DEPDC1	0.881
KIF23	MKI67	0.88
ANLN	HMMR	0.88
KIF15	KIF18B	0.88
RAD18	USP1	0.879
HMMR	HJURP	0.878
TMPO	LEMD3	0.876
CCNL2	AKAP12	0.876
PNN	BCLAF1	0.874
RPA1	TP53BP1	0.873
KIF15	PBK	0.873
MYBBP1A	FTSJ3	0.872
NOP2	NOLC1	0.871
SURF6	NGDN	0.871
SKA3	TTK	0.87
SKA3	HMMR	0.87
RACGAP1	NUSAP1	0.869
KIF15	HJURP	0.868
NES	VIM	0.867
NOP2	UTP14A	0.866
KIF23	DEPDC1	0.865
MKI67	TTK	0.865
TPX2	RACGAP1	0.864
MYBBP1A	NOP2	0.864
NCAPG	RACGAP1	0.864
NCAPG	CKAP2L	0.864
CDCA8	HMMR	0.864
HJURP	KIF18B	0.864
BMS1	NOP2	0.863
NCAPH	ASPM	0.862
KIF23	KIF20B	0.861
ASPM	DEPDC1	0.861
KIF23	KIF18B	0.859
NPM1	NUMA1	0.858
RB1	BRCA1	0.858
LIG1	POLD3	0.857
ESPL1	ASPM	0.857
ESPL1	MKI67	0.856
NCAPH	TPX2	0.854
KIF15	DEPDC1	0.854
TCOF1	NOLC1	0.853
RB1	CCNL2	0.853
HCFC1	KMT2B	0.852
NPM1	MYBBP1A	0.85
ESPL1	KIF18B	0.85
TRIM28	NCL	0.849
DEPDC1	PBK	0.849
SMG7	DCP1A	0.847
ANLN	DEPDC1	0.847
TTK	RACGAP1	0.845
DLGAP5	TACC3	0.845
RPA1	FEN1	0.845
ESPL1	HJURP	0.845
CENPF	DEPDC1	0.844
KIF23	HJURP	0.842
RRP1B	NGDN	0.842
ANLN	CENPF	0.842
NGDN	FTSJ3	0.841
CDCA8	KIF18B	0.838
ANLN	CKAP2L	0.837
PPRC1	CDC5L	0.836
RANBP2	INCENP	0.836
MKI67	GTSE1	0.834
KIF23	TTK	0.833
NCL	HNRNPA1	0.832
MAP1B	RASSF1	0.832
DEPDC1	HJURP	0.832
MYBBP1A	RSL1D1	0.831
CENPJ	HYLS1	0.831
NCAPG	CDCA8	0.83
SEC23IP	SEC24A	0.826
NCL	MYBBP1A	0.826
SF3B1	CWC25	0.824
NCAPG	DEPDC1	0.824
NCAPG	KIF20B	0.823
DDX5	CTCF	0.823
C1orf131	UTP14A	0.82
DLGAP5	ESPL1	0.82
CASC3	CDC5L	0.819
ASPM	KIF20B	0.819
DLGAP5	KIF18B	0.818
NCAPH	DLGAP5	0.818
MICALL1	EHD4	0.817
ESPL1	CDC27	0.817
LEMD3	ANKLE2	0.816
RB1	NPM1	0.815
NCAPH	SKA3	0.814
ARHGAP11A	MKI67	0.812
CKAP2L	HMMR	0.812
ANLN	PBK	0.811
ARHGAP11A	CENPF	0.811
ESPL1	TPX2	0.81
KIF15	RACGAP1	0.81
MSH6	LIG1	0.81
ARHGAP11A	ASPM	0.809
C1orf131	NGDN	0.809
HNRNPA1	DDX3X	0.808
BMS1	MYBBP1A	0.808
RPA1	RAD18	0.807
BRCA1	UHRF1	0.806
DLGAP5	INCENP	0.806
C1orf131	BMS1	0.805
RPA1	LIG1	0.804
CDC5L	ORC1	0.804
E2F8	CENPF	0.803
CRIPT	CDC5L	0.801
C1orf131	DNTTIP2	0.801
DLGAP5	ARHGAP11A	0.801
DLGAP5	SKA3	0.801
E2F8	KIF15	0.8
DNMT1	BRCA1	0.799
DLGAP5	E2F8	0.799
RRP1B	UTP14A	0.798
FEN1	HNRNPA1	0.797
SURF6	NOP2	0.797
LEMD3	CDC5L	0.797
ASPM	RACGAP1	0.795
CENPF	RACGAP1	0.795
MKI67	KIF18B	0.791
HMMR	RACGAP1	0.791
TPX2	SKA3	0.791
TRIM28	TP53BP1	0.791
CDC25A	CCNL2	0.791
NCAPH	PBK	0.791
BRCA1	BCLAF1	0.79
ANLN	CDCA8	0.789
NOLC1	FTSJ3	0.788
FOSL1	AHNAK	0.787
TPX2	TACC3	0.786
E2F8	TTK	0.786
RB1	PBRM1	0.785
RANBP2	NUSAP1	0.784
CKAP2L	SKA3	0.784
ABI1	BCAR1	0.783
POLD3	RAD18	0.783
AHCTF1	TPR	0.782
HNRNPA1	ATXN2	0.782
E2F8	MKI67	0.782
RECQL	BRCA1	0.782
MSH6	DNMT1	0.781
NCAPG	SKA3	0.779
DNMT1	CTCF	0.778
TTK	KIF20B	0.777
TP53BP1	PIAS1	0.776
CKAP2L	PBK	0.775
RACGAP1	PBK	0.775
SF3B1	SON	0.774
RRP1B	BMS1	0.774
NPM1	BRCA1	0.773
CDCA8	DEPDC1	0.772
MED1	FTSJ3	0.771
ARHGAP11A	TTK	0.771
E2F8	HJURP	0.771
TTK	CDC27	0.771
ESPL1	KIF23	0.769
E2F8	CDCA8	0.769
RRP1B	NOLC1	0.769
TACC3	RACGAP1	0.768
SURF6	BMS1	0.767
KDM5A	NSD1	0.765
RB1	DNMT1	0.765
DDX5	BRCA1	0.764
RB1	CDC27	0.763
SEC16A	SEC23IP	0.763
PMVK	HMGA1	0.763
TNRC6A	DDX3X	0.762
MKI67	PBK	0.762
ESPL1	KIF15	0.76
PRRC2A	UBAP2L	0.76
PBK	UHRF1	0.758
MKI67	BRCA1	0.757
RACGAP1	DEPDC1	0.757
TPX2	CKAP2L	0.756
RANBP2	CDCA8	0.755
DDX5	PIAS1	0.752
RACGAP1	KIF18B	0.749
CKAP2L	NUSAP1	0.749
PSIP1	NSD1	0.748
DDX5	SON	0.748
CENPF	GTSE1	0.745
ANLN	MKI67	0.745
ARID5B	PBRM1	0.744
CDCA8	UHRF1	0.743
NCAPH	NUSAP1	0.742
TACC3	INCENP	0.742
CREBBP	MED1	0.74
DDX5	TRIM28	0.74
RB1	CUX1	0.739
HNRNPA1	BRCA1	0.737
CKAP2L	CENPF	0.737
CKAP2L	GTSE1	0.736
TACC3	TTK	0.736
DLGAP5	GTSE1	0.736
CDC25A	ORC1	0.735
ASPM	KIF18B	0.733
CDC25B	CENPF	0.73
NCAPG	ESPL1	0.73
RAD18	FEN1	0.73
SMG1	DCP1A	0.729
MKI67	RACGAP1	0.729
RACGAP1	HJURP	0.729
TSC2	TACC3	0.729
RPA1	ORC1	0.729
FEN1	TP53BP1	0.729
NASP	NPM1	0.728
RANBP2	NPM1	0.727
TACC3	PBK	0.726
NPM1	NUP214	0.726
MED1	NR4A1	0.726
MKI67	UHRF1	0.724
E2F7	ASPM	0.724
ATXN2L	DCP1A	0.723
POLD3	BRCA1	0.723
ORC1	REPIN1	0.722
TMPO	ANKLE2	0.721
HAUS6	CENPJ	0.72
KIF20B	KIF18B	0.72
NCAPH	ESPL1	0.719
RB1	ORC1	0.719
PNN	DEK	0.719
BMS1	TEX10	0.718
KIF20B	INCENP	0.718
TRIM28	NPM1	0.718
SMG9	DCP1A	0.717
NCAPH	KIF23	0.716
TRIM28	RRP1B	0.715
KIF20B	CDCA8	0.714
SKA3	DEPDC1	0.714
KIF23	BRCA1	0.713
ANLN	NUSAP1	0.712
DEPDC1	NUSAP1	0.711
TPX2	FEN1	0.709
PSIP1	HMGA1	0.709
CENPF	STIL	0.708
NCAPG	STIL	0.708
ESPL1	RANBP2	0.708
RRP1B	CD3EAP	0.707
NCAPH	ANLN	0.707
CREBBP	CDC27	0.706
MKI67	DEPDC1	0.705
TACC3	CENPF	0.705
FEN1	BRCA1	0.704
FTSJ3	DNTTIP2	0.704
ANLN	TTK	0.704
MCMBP	ORC1	0.704
ESPL1	NUSAP1	0.704
KIF20B	DEPDC1	0.704
ATXN2	DCP1A	0.704
FEN1	ORC1	0.703
NCAPH	KIF18B	0.703
EPN1	SYNRG	0.703
ARHGAP11A	CDCA8	0.702
CREBBP	KDM5A	0.701
NCAPH	MKI67	0.7
SURF6	UTP14A	0.699
TPX2	UHRF1	0.699
ESPL1	CDC25A	0.699
CENPF	KIF18B	0.698
KIF15	ARHGAP11A	0.698
RAD18	PIAS1	0.694
CENPF	KIF20B	0.694
LIG1	DNMT1	0.694
ESPL1	HMMR	0.693
ESPL1	CDC5L	0.693
KIF23	CKAP2L	0.693
NOP2	NGDN	0.692
NCAPH	HJURP	0.692
E2F8	UHRF1	0.692
NUP214	PSIP1	0.691
E2F8	KIF23	0.69
DNTTIP2	CD3EAP	0.69
ASPM	GTSE1	0.689
NCAPH	TACC3	0.689
ESPL1	ORC1	0.689
CDC5L	CDC27	0.688
TPX2	GTSE1	0.687
TACC3	NUSAP1	0.687
CDC5L	DDX3X	0.685
ARHGAP11A	DEPDC1	0.684
CENPF	INCENP	0.684
PRRC2C	PRRC2A	0.684
NPM1	TPR	0.683
NCAPG	UHRF1	0.683
TPX2	KIF18B	0.683
NPM1	RRP1B	0.682
GTSE1	NUSAP1	0.682
USP1	BRCA1	0.682
SSRP1	BRCA1	0.682
SURF6	DNTTIP2	0.682
CDC25A	TP53BP1	0.682
EXOSC10	FTSJ3	0.681
NCAPG	ANLN	0.681
CDC5L	RBM17	0.679
TPX2	INCENP	0.679
COIL	GEMIN5	0.679
LEMD3	SUN1	0.678
MSH6	TP53BP1	0.678
ANLN	HJURP	0.677
NCL	BMS1	0.677
CASC3	DCP1A	0.677
SKA3	PBK	0.675
COIL	CASP8AP2	0.673
SKA3	ASPM	0.673
MED1	BCLAF1	0.673
NCL	RRP1B	0.672
RASSF1	DNMT1	0.669
CKAP2L	CDCA8	0.669
LIG1	TP53BP1	0.669
THOC2	BCLAF1	0.669
POLD3	USP1	0.666
RANBP2	PIAS1	0.664
E2F8	ASPM	0.664
ESPL1	DEPDC1	0.664
RACGAP1	UHRF1	0.664
PBRM1	NSD1	0.663
TTK	STIL	0.662
EXOSC10	NOP2	0.662
CASC3	SMG9	0.662
TTK	KIF18B	0.662
SCAF4	CDC5L	0.661
CASC3	ZC3H11A	0.661
CDC5L	RACGAP1	0.661
ATXN2L	UBAP2L	0.661
DLGAP5	KIF20B	0.66
NCAPH	RACGAP1	0.66
SSRP1	NCL	0.658
ESPL1	ARHGAP11A	0.658
DDX5	FTSJ3	0.658
RRP1B	DNTTIP2	0.657
LASP1	UHRF1	0.656
TMPO	TOR1AIP1	0.655
ARHGAP11A	PBK	0.655
MAP7D1	CLIP1	0.654
CENPF	BRCA1	0.654
CREBBP	CTCF	0.653
CKAP2L	DEPDC1	0.652
CKAP2L	KIF15	0.652
CKAP2L	TTK	0.652
ANLN	KIF20B	0.652
RANBP2	PPFIBP1	0.65
SKA3	CDCA8	0.65
ORC1	CDCA8	0.65
CASC3	SMG1	0.649
GEMIN5	RRP1B	0.649
CASC3	SMG7	0.649
TEX10	UTP14A	0.648
STRN	PPFIBP1	0.646
ANLN	KIF15	0.645
KIF23	UHRF1	0.645
CDCA8	GTSE1	0.643
EXOSC10	RSL1D1	0.642
MPG	LIG1	0.641
ASPM	BRCA1	0.641
TCOF1	CD3EAP	0.64
ANLN	BRCA1	0.639
COIL	NCL	0.639
UHRF1	NUSAP1	0.639
E2F8	KIF18B	0.638
TRIM28	MYBBP1A	0.638
NCL	EXOSC10	0.638
LEMD3	BCLAF1	0.637
RANBP2	ZRANB2	0.637
OSBPL8	ESYT2	0.636
SKA3	KIF15	0.636
KIF23	CDC25A	0.636
RANBP2	PSIP1	0.636
NCAPG	GTSE1	0.636
PRRC2C	SMG1	0.634
EXOSC10	NOLC1	0.633
NCAPG	FEN1	0.633
SON	KDM5A	0.633
E2F8	ESPL1	0.633
CDC25A	FEN1	0.633
ABI1	ABL2	0.632
ANKLE2	CENPJ	0.631
NCL	CTCF	0.631
TMPO	NUSAP1	0.631
TTK	ORC1	0.631
E2F8	NUSAP1	0.63
HNRNPA1	ADAR	0.63
DDX50	FTSJ3	0.63
KIF23	ORC1	0.629
ARHGAP11A	NUSAP1	0.628
NCAPH	HMMR	0.628
MYBBP1A	CD3EAP	0.627
ESPL1	RACGAP1	0.627
TPR	POM121	0.627
NCAPG	TACC3	0.627
TTK	BRCA1	0.627
DDX5	NCL	0.626
DLGAP5	ORC1	0.626
NCAPG	KIF18B	0.626
CDC25A	CDC27	0.626
KIF23	ARHGAP11A	0.625
GTSE1	KIF18B	0.625
SF3B1	HNRNPA1	0.624
KIF23	GTSE1	0.624
RRP1B	MYBBP1A	0.624
E2F8	NCAPG	0.624
SF3B1	BCLAF1	0.623
MED1	RSL1D1	0.623
E2F8	DEPDC1	0.623
TP53BP1	RECQL	0.623
PBK	KIF18B	0.622
CKAP2L	KIF18B	0.622
ESPL1	STIL	0.622
NPM1	CCDC137	0.622
ANLN	ARHGAP11A	0.621
RASSF1	BRCA1	0.621
FEN1	HMMR	0.621
INCENP	BRCA1	0.621
PHC2	TTK	0.621
TACC3	HJURP	0.62
NGDN	CD3EAP	0.62
SKA3	HAUS6	0.62
NOP2	DNTTIP2	0.62
MAP1B	AMBRA1	0.62
NCAPH	CENPF	0.619
NASP	SSRP1	0.619
ARHGAP11A	KIF18B	0.619
DLGAP5	UHRF1	0.618
SKA3	GTSE1	0.618
NCAPG	BRCA1	0.618
THOC2	HNRNPA1	0.618
ARHGAP11A	RACGAP1	0.617
CREBBP	NSD1	0.616
CCNL2	BRCA1	0.616
ABI1	GULP1	0.615
PIAS1	CASP8AP2	0.615
FEN1	TTK	0.615
PRRC2C	ZC3H11A	0.613
THOC2	RANBP2	0.613
SEC16A	AMBRA1	0.612
SORBS3	BCAR1	0.612
NPM1	DEK	0.612
MSH6	SSRP1	0.61
SKA3	HJURP	0.61
TRIM28	NR4A1	0.61
FEN1	NUSAP1	0.609
SKA3	NUSAP1	0.608
E2F8	PBK	0.608
RPA1	USP1	0.606
CCAR2	HNRNPA1	0.606
TRIM28	BRCA1	0.606
TACC3	KIF20B	0.606
NPM1	RSL1D1	0.606
TPX2	NUMA1	0.604
KIF23	E2F7	0.604
NPM1	TEX10	0.604
TNRC6A	KMT2B	0.604
ANLN	SKA3	0.604
NCAPG	ARHGAP11A	0.603
KIF23	TMPO	0.601
ADD3	PSIP1	0.6
PSIP1	KMT2B	0.6
ARHGAP11A	HJURP	0.598
CASC3	CWF19L2	0.598
ESPL1	PBK	0.597
TP53BP1	NUMA1	0.597
NUP214	ABL2	0.597
NCAPH	DEPDC1	0.597
SSRP1	FEN1	0.596
SCAF4	EXOSC10	0.596
HCFC1	BRCA1	0.596
CASC3	BRCA1	0.596
ZNF318	CDC5L	0.595
CKAP2L	MKI67	0.594
PHC2	ASXL2	0.594
KIF18B	NUSAP1	0.594
TACC3	GTSE1	0.594
PRRX1	NSD1	0.594
DEPDC1	KIF18B	0.592
DDX5	MYBBP1A	0.592
NUP214	NSD1	0.592
TRIM28	SSRP1	0.592
ASPM	INCENP	0.59
TRIM28	NUMA1	0.589
INCENP	KIF18B	0.589
CDC25A	HMMR	0.589
TTK	INCENP	0.588
E2F8	HMMR	0.588
ESPL1	TACC3	0.588
TSC2	CCNL2	0.588
RRP1B	TEX10	0.587
MAP4	CLIP1	0.587
SKA3	MKI67	0.587
CASC3	NUP214	0.587
NASP	ORC1	0.585
HNRNPA1	CDC5L	0.585
NCAPH	INCENP	0.584
E2F8	ARHGAP11A	0.584
MGA	KMT2B	0.584
UTP14A	NOLC1	0.584
KIF20B	NUSAP1	0.583
PRRX1	PSIP1	0.583
HJURP	UHRF1	0.583
ESPL1	FEN1	0.583
E2F8	TPX2	0.582
KDM5A	KMT2B	0.582
STRN	RANBP2	0.58
SURF6	MYBBP1A	0.58
EXOSC10	DHX30	0.58
E2F8	CDC25A	0.58
THOC2	NUP214	0.58
THOC2	SF3B1	0.579
E2F7	TTK	0.579
LIG1	ORC1	0.579
CREBBP	HMGA1	0.578
CENPF	UHRF1	0.578
ASXL2	UBAP2L	0.577
GEMIN5	NOLC1	0.577
TPX2	STIL	0.577
PPFIBP1	LMO7	0.577
ESPL1	AHCTF1	0.576
RANBP2	SON	0.576
RPA1	CDC5L	0.576
PNN	SF3B1	0.575
PTPN12	ABL2	0.575
TRIM28	CCAR2	0.575
KIF15	CENPJ	0.574
FEN1	CDCA8	0.574
KDM5A	SMG1	0.574
TPR	CDC5L	0.573
NPM1	FTSJ3	0.573
UTP14A	CD3EAP	0.573
TTK	GTSE1	0.572
LIG1	RECQL	0.572
NPM1	HMGA1	0.572
STRN	LMO7	0.571
MYBBP1A	UTP14A	0.571
RRP1B	BAZ1B	0.57
MAP1B	MAP4	0.57
TACC3	MKI67	0.569
E2F7	CDCA8	0.569
ASPM	UHRF1	0.569
KIF20B	BRCA1	0.568
SURF6	CD3EAP	0.568
TPR	BCLAF1	0.568
SURF6	NOLC1	0.567
TACC3	BRCA1	0.566
CDC25A	CDCA8	0.566
MSH6	CDC25A	0.566
DLGAP5	E2F7	0.565
THOC2	CASC3	0.564
STRN	TPR	0.564
RBM17	ATXN2	0.564
TRIM28	HCFC1	0.564
DDX5	NUP214	0.564
ESPL1	ANLN	0.564
BAZ1B	CD3EAP	0.564
NCL	UTP14A	0.563
CREBBP	DDX3X	0.563
RRP1B	DDX50	0.563
MED1	RRP1B	0.563
NCL	TP53BP1	0.563
CREBBP	TNRC6A	0.56
NPM1	PPFIBP1	0.56
DHX30	DDX3X	0.56
BCLAF1	DDX3X	0.56
SUN1	BRCA1	0.558
MGA	SMG1	0.558
RANBP2	LMO7	0.558
SON	BCLAF1	0.557
NPM1	MKI67	0.557
E2F7	PBK	0.557
DLGAP5	HAUS6	0.557
ANLN	TMPO	0.556
PNN	CWF19L2	0.555
TTK	UHRF1	0.554
TMPO	HP1BP3	0.554
MSH6	SAV1	0.553
TACC3	ASPM	0.553
TPX2	ARHGAP11A	0.553
KIF15	STIL	0.552
RACGAP1	BRCA1	0.552
CDC25A	E2F7	0.552
ESPL1	UHRF1	0.551
TPX2	ORC1	0.551
CWF19L2	HNRNPA1	0.551
KIF15	UHRF1	0.551
KIF15	GTSE1	0.55
PRRC2C	BCLAF1	0.55
TMPO	DEK	0.55
HNRNPA1	NOLC1	0.549
DPF2	RB1	0.549
KIF23	STIL	0.549
NPM1	CDC25A	0.549
TEX10	KMT2B	0.548
LEMD3	AHCTF1	0.548
LIG1	BRCA1	0.547
TEX10	EXOSC10	0.547
MED1	NOP2	0.547
KDM5A	PBRM1	0.547
DDX5	RSL1D1	0.547
CDC25A	MKI67	0.547
NCAPG	E2F7	0.546
TRIM28	CTCF	0.546
CREBBP	TP53BP1	0.545
CREBBP	RB1	0.545
RANBP2	CENPF	0.544
CENPF	NUMA1	0.544
E2F7	CENPF	0.544
ESPL1	CCNL2	0.544
FEN1	UHRF1	0.543
NCAPH	ARHGAP11A	0.543
NPM1	LMO7	0.543
TACC3	HAUS6	0.542
ASPM	ORC1	0.541
ANLN	UHRF1	0.541
KIF23	TACC3	0.541
NCAPG	CDC25A	0.541
DLGAP5	FEN1	0.541
MKI67	KIF20B	0.541
THOC2	TP53BP1	0.54
SSRP1	NPM1	0.54
CDC5L	BCLAF1	0.54
BRCA1	NUSAP1	0.54
RRP1B	MKI67	0.539
SSRP1	CDC5L	0.539
CASC3	POM121	0.538
TPR	LMO7	0.538
TSC2	SMG1	0.537
CDC25A	PBK	0.537
PPRC1	NOP2	0.536
NCAPH	KIF20B	0.536
BCLAF1	ZC3H11A	0.535
SF3B1	TP53BP1	0.534
DDX5	RRP1B	0.534
DDX5	ADAR	0.533
NASP	TMPO	0.533
ESPL1	CLIP1	0.533
CDC25B	CCNL2	0.533
BAZ1B	PBRM1	0.533
RANBP2	ZC3H11A	0.532
PPFIBP1	TPR	0.532
DDX5	EXOSC10	0.531
NPM1	DDX3X	0.531
KIF23	CDC5L	0.531
RRP1B	EXOSC10	0.531
STRN	NPM1	0.53
BMS1	CD3EAP	0.53
CDC25A	TTK	0.529
MPG	FEN1	0.529
HNRNPA1	BCLAF1	0.529
CDCA8	CCNL2	0.529
SAP130	DNMT1	0.529
TACC3	HMMR	0.527
CUX1	NES	0.526
KIF23	NGDN	0.526
E2F8	RB1	0.526
SURF6	EXOSC10	0.526
E2F7	MKI67	0.525
BMS1	NOLC1	0.525
MKI67	INCENP	0.525
ESPL1	GTSE1	0.524
ORC1	STIL	0.524
GTSE1	PBK	0.524
KIF23	SKA3	0.523
MED1	BRCA1	0.523
DNMT1	VIM	0.523
E2F8	ANLN	0.522
SF3B1	TPR	0.522
KIF20B	HMMR	0.522
ANKLE2	STIL	0.522
SF3B1	CD3EAP	0.521
HNRNPA1	TP53BP1	0.521
DNMT1	BAZ1A	0.52
CREBBP	BAZ1B	0.52
NCAPH	CKAP2L	0.52
SKA3	RACGAP1	0.52
DLGAP5	CDC25A	0.519
KIF15	BRCA1	0.519
DDX5	COIL	0.519
USP1	DEK	0.518
E2F8	BRCA1	0.517
DLGAP5	STIL	0.517
CDC25A	KIF15	0.517
PPP1R13B	RASSF1	0.517
NCAPH	FEN1	0.517
DDX50	RSL1D1	0.516
STAU2	ATXN2	0.516
ASPM	NUMA1	0.516
DEPDC1	GTSE1	0.515
RB1	E2F7	0.515
INCENP	PBK	0.514
CDC25A	CENPF	0.514
NSD1	CTCF	0.514
SKA3	KIF18B	0.514
MCMBP	UHRF1	0.513
CD3EAP	DEK	0.513
ANLN	NUMA1	0.513
CENPF	LMO7	0.513
CDC25B	CDCA8	0.512
DDX5	FOSL1	0.512
CDC25A	RACGAP1	0.511
DDX50	EIF2B4	0.51
SURF6	DDX50	0.51
TPR	SUN1	0.509
PHC2	GATAD2A	0.509
TRPS1	GATAD2A	0.509
SLAIN2	CLIP1	0.509
ORC1	INCENP	0.507
FEN1	RACGAP1	0.507
STIL	DEPDC1	0.506
EXOSC10	NGDN	0.506
TPX2	CDC25A	0.505
TMPO	SF3B1	0.505
TP53BP1	CCNL2	0.505
MED1	KDM5A	0.504
CASC3	RANBP2	0.504
CASC3	TPR	0.504
RTF1	CDC27	0.504
MCMBP	FAM117B	0.504
TMPO	USP1	0.503
CDC5L	BRCA1	0.503
E2F8	GTSE1	0.503
NCAPH	UHRF1	0.503
ANKLE2	ASPM	0.502
NASP	FEN1	0.502
DDX5	CWF19L2	0.501
CDCA8	DDX3X	0.501
SUN1	TOR1AIP1	0.5
CDC25A	GTSE1	0.5
NPM1	POM121	0.499
KIF18B	UHRF1	0.499
KIF15	ORC1	0.499
PHC2	TNRC6A	0.499
ORC1	PBK	0.498
E2F8	RACGAP1	0.498
INCENP	NUSAP1	0.498
CDC5L	DHX30	0.498
TEX10	TP53BP1	0.498
CCAR2	BRCA1	0.498
PRRX1	ADD3	0.497
DDX5	CDC5L	0.497
HMMR	GTSE1	0.496
CDC5L	DDX50	0.496
TP53BP1	UHRF1	0.495
NES	TCOF1	0.495
TSC2	NGDN	0.495
DCP1A	DDX3X	0.493
FEN1	DNMT1	0.493
NPM1	NOLC1	0.492
TEX10	NGDN	0.492
TMPO	KIF20B	0.492
RTF1	NUMA1	0.492
NOLC1	CD3EAP	0.492
PKN2	MYO9B	0.492
MSH6	BAZ1B	0.492
NCL	ATXN2	0.491
FEN1	INCENP	0.491
DDX50	BMS1	0.49
MED1	TP53BP1	0.489
PRRC2A	ATXN2L	0.489
DLGAP5	NUMA1	0.489
LIG1	RAD18	0.489
TRIM28	RANBP2	0.489
SSRP1	GATAD2A	0.487
INCENP	HMGA1	0.487
FTSJ3	EIF2B4	0.487
CENPJ	NUMA1	0.487
CDC25A	CDC5L	0.487
STIL	NUSAP1	0.487
THOC2	ZRANB2	0.487
CENPF	CENPJ	0.486
RANBP2	CDC5L	0.486
CREBBP	CUX1	0.485
TRIM28	PRRC2A	0.485
PPRC1	NOLC1	0.485
RPA1	NPM1	0.484
ORC1	UHRF1	0.484
TSC2	NASP	0.483
NASP	KIF23	0.483
HNRNPA1	DHX30	0.482
CREBBP	DNMT1	0.482
MED1	PBRM1	0.482
SON	TCOF1	0.481
GEMIN5	NCL	0.481
RANBP2	GEMIN5	0.481
SKA3	UHRF1	0.481
ANLN	GTSE1	0.481
COIL	RBM17	0.481
UBAP2L	ATXN2	0.481
E2F8	ORC1	0.48
NCAPH	STIL	0.48
SSRP1	BAZ1A	0.48
CREBBP	KMT2B	0.48
BAZ1B	BMS1	0.48
MAP4	MAP7D1	0.48
KIF20B	PBK	0.48
CCAR2	CEP170	0.48
GULP1	SIPA1L1	0.48
E2F7	HJURP	0.479
RRP1B	DDX3X	0.479
NCAPH	ORC1	0.479
COIL	CDC5L	0.479
ANLN	MYO9B	0.479
TRIM28	DHX30	0.479
GEMIN5	UTP14A	0.479
DDX50	NOP2	0.478
NCAPG	BAZ1A	0.478
ADD3	NSD1	0.478
ADAR	DDX3X	0.478
NCL	TPR	0.478
POLD3	DNMT1	0.477
FEN1	KIF15	0.476
EXOSC10	EIF2B4	0.476
ZRANB2	BCLAF1	0.475
HNRNPA1	DEK	0.475
HMMR	UHRF1	0.474
TFAP4	CTCF	0.474
FEN1	MKI67	0.474
E2F7	UHRF1	0.474
MKI67	VIM	0.474
ANLN	LMO7	0.474
RANBP2	NUMA1	0.474
MED1	CDCA8	0.474
ORC1	BRCA1	0.474
DDX5	NOP2	0.474
NPM1	NSD1	0.474
CKAP2L	E2F7	0.473
DDX5	SSRP1	0.473
CREBBP	FOSL1	0.473
STIL	HJURP	0.473
CDC25A	UHRF1	0.473
ATXN2	DDX3X	0.473
FOSL1	BRCA1	0.473
ARHGEF17	ANLN	0.472
ANLN	E2F7	0.472
SMG1	DDX3X	0.471
HCFC1	ATXN2L	0.471
STIL	PBK	0.471
TPX2	KIF20B	0.471
ASPM	HAUS6	0.471
TACC3	KIF18B	0.47
GEMIN5	TPR	0.47
CASC3	STAU2	0.469
CENPF	CHAMP1	0.469
OSBPL8	RECQL	0.469
CREBBP	PIAS1	0.468
RANBP2	MAP4	0.468
DNMBP	MAP7D1	0.468
MSH6	RECQL	0.467
MSH6	POLD3	0.467
MSH6	UHRF1	0.467
CCDC137	C1orf131	0.467
CKAP2L	STIL	0.466
MSH6	RAD18	0.466
ADD3	AKAP12	0.466
ESPL1	NUMA1	0.465
ADAR	CTNND1	0.465
ORC1	RACGAP1	0.465
TMPO	SUN1	0.465
SKA3	ARHGAP11A	0.465
PHLDA2	CTCF	0.465
RANBP2	SUN1	0.465
TRIM28	CREBBP	0.465
CDCA8	CDC27	0.465
SF3B1	DDX3X	0.464
PSIP1	DEK	0.464
TPR	INCENP	0.464
NPM1	TNRC6A	0.463
HP1BP3	RSL1D1	0.463
TACC3	CEP170	0.463
STIL	CDCA8	0.463
SKA3	STIL	0.463
SAP130	TP53BP1	0.462
TEX10	RSL1D1	0.461
SSRP1	NOLC1	0.461
NOP2	CD3EAP	0.461
TPX2	HAUS6	0.461
STRN	ASXL2	0.461
PCYT1A	VIM	0.461
TPR	ZC3H11A	0.46
HNRNPA1	PRRC2A	0.46
THOC2	PRRC2C	0.46
BMS1	DHX30	0.46
NCAPH	E2F8	0.46
RASSF1	PBRM1	0.46
ANLN	TACC3	0.46
CDC25B	ESPL1	0.46
FEN1	HJURP	0.459
MSH6	MCMBP	0.459
BAZ1B	DNMT1	0.459
MSH6	ESPL1	0.458
CCDC137	RRP1B	0.457
KIF15	TACC3	0.457
CASC3	BCLAF1	0.457
CREBBP	NUP214	0.457
NCL	MKI67	0.457
INCENP	POM121	0.457
DDX5	UTP14A	0.457
DDX5	DHX30	0.457
PRRC2C	DDX3X	0.456
CDC25A	ASPM	0.456
PPRC1	CWC25	0.456
FEN1	GTSE1	0.456
GEMIN5	NUP214	0.455
CREBBP	GATAD2A	0.455
DDX5	BMS1	0.455
ANLN	CDC5L	0.455
PBRM1	BRCA1	0.455
MED1	SON	0.455
ESPL1	CENPJ	0.454
MSH6	CDC25B	0.454
NUP214	UBAP2L	0.454
CCNL2	CDC27	0.454
RANBP2	NEDD4L	0.453
NASP	CDCA8	0.453
MYBBP1A	DHX30	0.453
ARHGEF17	REPIN1	0.452
UBAP2L	SMG7	0.452
TRIM28	LIG1	0.452
TPR	CDCA8	0.452
CCAR2	AMBRA1	0.452
E2F7	KIF15	0.451
THOC2	POM121	0.451
TRIM28	RPA1	0.451
PRRC2C	TPR	0.451
TSC2	BRCA1	0.451
TMPO	CENPF	0.451
ZNF609	TP53BP1	0.451
LMO7	AHNAK	0.45
HJURP	CTCF	0.45
NASP	CENPF	0.45
MKI67	STIL	0.45
NPM1	BMS1	0.45
ESPL1	KIF20B	0.45
KIF23	FEN1	0.449
MYBBP1A	NOLC1	0.449
FEN1	PBK	0.449
KIF15	DEK	0.449
E2F7	BRCA1	0.449
SPTY2D1	MPHOSPH8	0.449
TSC2	AMBRA1	0.449
MPG	UHRF1	0.448
MSH6	E2F7	0.447
NUP214	ZC3H11A	0.447
DDX5	CREBBP	0.447
DDX5	NGDN	0.446
ANLN	KIF18B	0.445
MSH6	KIF23	0.445
TRIM28	FEN1	0.445
DLGAP5	BRCA1	0.444
CDC5L	CCNL2	0.444
SKA3	INCENP	0.444
RACGAP1	GTSE1	0.444
COIL	RRP1B	0.443
MSH6	NSD1	0.443
TMPO	LIMCH1	0.443
NOSIP	TP53BP1	0.443
BRCA1	CTCF	0.443
ASXL2	SMG1	0.443
FOSL1	NR4A1	0.442
USP1	CASP8AP2	0.442
GTSE1	BRCA1	0.442
THOC2	EXOSC10	0.442
NOP2	EIF2B4	0.442
TRIM28	RAD18	0.442
E2F7	HMMR	0.441
UBAP2L	AMBRA1	0.44
DLGAP5	NASP	0.44
STIL	HMMR	0.44
PNN	CDC5L	0.439
ESPL1	SKA3	0.439
BRCA1	PBK	0.439
ZFAND3	WIZ	0.439
ARHGAP11A	KIF20B	0.439
TDRKH	UHRF1	0.439
SON	NUP214	0.439
LIG1	SSRP1	0.438
CDC25A	SKA3	0.438
AHCTF1	CDC27	0.437
E2F8	FEN1	0.437
WIZ	CHAMP1	0.437
NASP	HJURP	0.437
FEN1	DEPDC1	0.436
RB1	HAUS6	0.436
CASC3	SF3B1	0.436
E2F7	RACGAP1	0.436
TACC3	UHRF1	0.436
NASP	DEK	0.436
CEP170	HAUS6	0.435
FEN1	CENPF	0.435
NCAPH	CDC25A	0.435
DDX50	DDX3X	0.435
CKAP2L	UHRF1	0.435
CDC5L	BMS1	0.435
BMS1	TCOF1	0.435
CDCA8	POM121	0.434
PROSER1	TOR1AIP1	0.434
NASP	TACC3	0.434
STIL	BRCA1	0.434
SON	PSIP1	0.434
RB1	UHRF1	0.434
HCFC1	PSIP1	0.433
PBRM1	SMG1	0.433
ADAR	SMG7	0.433
ARHGAP11A	HMMR	0.433
NCL	SURF6	0.433
MAP1B	VIM	0.433
UTP14A	DHX30	0.433
HMMR	KIF18B	0.433
KIF20B	CENPJ	0.433
RB1	HMGA1	0.433
FEN1	ASPM	0.432
NUMA1	INCENP	0.432
DNMT1	NSD1	0.431
GEMIN5	DDX3X	0.431
POLD3	TP53BP1	0.431
VAC14	SEC16A	0.431
E2F8	STIL	0.431
CKAP2L	RACGAP1	0.43
BAZ1B	PSIP1	0.43
ANLN	CDC25A	0.43
DNMT1	KDM5A	0.43
COIL	TEX10	0.43
USP1	TP53BP1	0.429
GEMIN5	NGDN	0.429
CREBBP	DEK	0.429
GATAD2A	UBAP2L	0.429
NCL	ATXN2L	0.429
DLGAP5	TMPO	0.429
LIG1	MCMBP	0.428
SKA3	TACC3	0.428
GEMIN5	POM121	0.428
KIF23	NSD1	0.427
PTPN12	NUP214	0.427
ESPL1	BRCA1	0.427
TMPO	HMMR	0.427
NCAPH	E2F7	0.427
NGDN	ATXN2	0.427
NUP214	INCENP	0.426
PNN	SMG9	0.426
RB1	CDC25A	0.426
E2F7	DEPDC1	0.425
TSC2	PBRM1	0.424
HMGA1	CTCF	0.424
UBASH3B	ABI1	0.424
EXOSC10	CD3EAP	0.423
NASP	USP1	0.423
NUP214	CDCA8	0.423
TRIM28	MPHOSPH8	0.423
TMPO	CKAP4	0.423
MED1	NSD1	0.423
NUMA1	CLIP1	0.423
C5orf30	NUSAP1	0.422
ORC1	HJURP	0.422
FEN1	KIF18B	0.422
MSH6	NASP	0.422
FEN1	CTCF	0.422
HNRNPA1	RBM17	0.422
NASP	UHRF1	0.421
UBAP2L	BCLAF1	0.421
TPX2	E2F7	0.421
RRP1B	HNRNPA1	0.42
ANLN	ORC1	0.42
NASP	NCL	0.42
CDC5L	EXOSC10	0.42
ADD3	NUP214	0.42
AHCTF1	INCENP	0.42
SEC16A	SMG7	0.419
TMPO	ABI1	0.418
E2F8	KIF20B	0.418
ANLN	PKN2	0.418
SON	SMG1	0.418
PPRC1	TEX10	0.417
STIL	RACGAP1	0.417
SF3B1	ZNF318	0.417
ZC3H11A	CTCF	0.417
CDC25A	DHX30	0.417
RANBP2	BMS1	0.416
TMPO	FEN1	0.416
UTP14A	DDX3X	0.416
EXOSC10	DCP1A	0.416
CEP170	ASPM	0.416
ESPL1	CKAP2L	0.415
ESPL1	RB1	0.415
CDC25A	NUSAP1	0.415
HAUS6	NUSAP1	0.415
USP1	KIF20B	0.415
ESPL1	E2F7	0.414
CREBBP	ABL2	0.414
SKA3	BRCA1	0.414
ORC1	NUSAP1	0.414
NCL	CDC27	0.414
CTNND1	BCAR1	0.414
RAD18	BAZ1B	0.414
SLAIN2	TACC3	0.414
PPRC1	SF3B1	0.414
DDX5	ATXN2	0.414
SKA3	ORC1	0.413
TSC2	MSH6	0.413
LIG1	INCENP	0.413
MYBBP1A	NGDN	0.413
NCAPG	INCENP	0.412
CREBBP	CCAR2	0.412
NCL	CD3EAP	0.412
NCAPH	GTSE1	0.412
PPRC1	MYBBP1A	0.412
RRP1B	TTK	0.412
PNN	THOC2	0.411
RANBP2	SMG1	0.41
DDX3X	CTCF	0.41
ARHGAP11A	STIL	0.41
RANBP2	BCLAF1	0.409
DDX5	TMPO	0.409
DDX50	NGDN	0.409
CKAP2L	BRCA1	0.408
USP1	UHRF1	0.408
CENPF	ORC1	0.408
NASP	CASP8AP2	0.408
TMPO	ADD3	0.408
KIF20B	UHRF1	0.407
INCENP	KDM5A	0.407
RSL1D1	DDX3X	0.407
NSD1	DDX3X	0.407
TUT1	EXOSC10	0.407
SSRP1	CD3EAP	0.407
ESPL1	MAP4	0.406
MSH6	TTK	0.406
MSH6	TRIM28	0.406
SON	DDX3X	0.405
POM121	ZC3H11A	0.405
SSRP1	RRP1B	0.405
TP53BP1	HMMR	0.405
ADD3	TOR1AIP1	0.405
TPR	PBRM1	0.405
RRP1B	CDCA8	0.405
GEMIN5	HNRNPA1	0.405
LASP1	DNMT1	0.405
CREBBP	CDC25A	0.404
INCENP	HJURP	0.404
RB1	MCMBP	0.404
NCAPH	DDX3X	0.404
DDX5	KIF23	0.404
THOC2	DDX3X	0.403
NASP	TTK	0.403
ADAR	TP53BP1	0.403
TRIM28	BAZ1B	0.403
ANLN	SSRP1	0.403
RPA1	RECQL	0.403
LEMD3	TOR1AIP1	0.403
NSD1	SMG1	0.402
KIF23	NOLC1	0.402
PNN	HNRNPA1	0.402
SEC16A	UBAP2L	0.402
E2F7	ARHGAP11A	0.402
DNMT1	NOP2	0.402
THOC2	RRP1B	0.402
SCAF4	RRP1B	0.402
TMPO	CDCA8	0.401
DDX50	DHX30	0.401
NCAPG	LIG1	0.401
TMPO	AKAP12	0.401
ANLN	NOLC1	0.401
PBRM1	CTCF	0.401
NCL	DDX3X	0.4
NUMA1	BRCA1	0.4
RB1	PPRC1	0.4
PHC2	CASP8AP2	0.4
MSH6	PSIP1	0.4
AKAP12	TOR1AIP1	0.4
HJURP	BRCA1	0.4
CEP170	CENPJ	0.4
SF3B1	ZC3H11A	0.4
GATAD2A	WIZ	0.4
KIF23	RAD18	0.399
PPRC1	CWF19L2	0.399
CASC3	ATXN2	0.399
NES	MKI67	0.399
CDC25A	HJURP	0.398
PDLIM1	VIM	0.398
MSH6	PBRM1	0.398
BAZ1B	TCOF1	0.398
MPHOSPH8	UHRF1	0.398
KIF23	CEP170	0.398
TP53BP1	KMT2B	0.397
DNMT1	MPHOSPH8	0.397
TSC2	CREBBP	0.397
KIF23	FTSJ3	0.396
KIF23	HAUS6	0.396
THOC2	DDX50	0.396
KIF20B	CASP8AP2	0.396
MKI67	ORC1	0.396
DDX5	SCAF4	0.395
ANLN	NPM1	0.395
NUP214	DDX3X	0.395
PYGB	AHNAK	0.395
SF3B1	DHX30	0.394
FEN1	USP1	0.393
NPM1	ZRANB2	0.393
NCAPH	LIG1	0.393
KIF20B	HJURP	0.393
TACC3	SIPA1L1	0.393
UTP14A	RACGAP1	0.392
STIL	HAUS6	0.392
TRIM28	ADAR	0.392
NUP214	CDC5L	0.392
ARHGAP11A	GTSE1	0.392
TSC2	NUMA1	0.392
NASP	NUSAP1	0.391
TACC3	NGDN	0.391
KIF15	INCENP	0.391
SKA3	KIF20B	0.39
ZNF318	SMG7	0.39
SSRP1	UHRF1	0.39
SCAF4	GATAD2A	0.39
TRIM28	CHAMP1	0.39
CCAR2	TP53BP1	0.39
ANLN	CTNND1	0.389
ANLN	FTSJ3	0.389
TMPO	UHRF1	0.389
CCAR2	DHX30	0.389
UBAP2L	DDX3X	0.389
MED1	ASXL2	0.389
RAD18	SKA3	0.389
E2F7	NUSAP1	0.389
NCL	BCLAF1	0.388
KIF23	SSRP1	0.388
SSRP1	BAZ1B	0.388
SON	HP1BP3	0.388
TSC2	SYNRG	0.388
LEMD3	LMO7	0.388
DDX50	UTP14A	0.388
FTSJ3	CD3EAP	0.387
ORC1	GTSE1	0.387
MKI67	CTCF	0.387
NPM1	DNMT1	0.387
HJURP	DDX3X	0.387
TRIM28	DDX3X	0.387
CEP170	STIL	0.387
HAUS6	INCENP	0.387
RAD18	AKAP12	0.386
ANLN	STIL	0.386
KIF23	NPM1	0.386
RANBP2	DDX3X	0.386
SKA3	CDC27	0.386
NCAPG	LASP1	0.386
CUX1	ASPM	0.386
ANLN	FEN1	0.385
NUMA1	NUSAP1	0.385
CDC5L	RTF1	0.385
NCAPG	ORC1	0.384
CDC25B	BRCA1	0.384
ZNF609	BCLAF1	0.384
PRRC2C	ATXN2L	0.384
RANBP2	CLIP1	0.383
SSRP1	DEK	0.383
SON	CDC5L	0.383
TMPO	MKI67	0.383
TACC3	ARHGAP11A	0.382
SEC16A	PRRC2C	0.382
MAP1B	MKI67	0.382
EXOSC10	UBAP2L	0.382
CDCA8	NUMA1	0.382
SF3B1	SAP130	0.382
ARID5B	CTCF	0.382
NOLC1	DNTTIP2	0.382
RANBP2	HNRNPA1	0.381
TPR	NUMA1	0.381
SSRP1	SON	0.381
NASP	POLD3	0.381
RPA1	SSRP1	0.38
HNRNPA1	TPR	0.38
TSC2	MAP1B	0.38
NCL	MYO9B	0.38
TACC3	STIL	0.38
MKI67	RSL1D1	0.38
CKAP2L	KIF20B	0.38
SEC16A	PRRC2A	0.38
NASP	BRCA1	0.379
SCAF4	ATXN2L	0.379
PDLIM1	LMO7	0.379
TTK	CENPJ	0.379
NCAPH	ANKLE2	0.379
E2F7	ORC1	0.378
HNRNPA1	DNTTIP2	0.378
RRP1B	DHX30	0.378
BMS1	EIF2B4	0.378
SF3B1	DDX50	0.378
DHX30	CWC25	0.378
UHRF1	CTCF	0.377
KIF23	SF3B1	0.377
SF3B1	UBAP2L	0.377
PRRX1	NUP214	0.377
TMPO	CCAR2	0.377
TMPO	HNRNPA1	0.377
CDC5L	INCENP	0.377
CENPF	AHNAK	0.377
MGA	MED1	0.376
SSRP1	CDC27	0.376
MAP1B	NES	0.376
ZNF609	ADAR	0.376
SCAF4	RTF1	0.376
KIF23	MYO9B	0.376
DNMT1	MCMBP	0.376
KIF23	AKAP12	0.375
CDC25A	DEPDC1	0.375
TMPO	RB1	0.375
AHCTF1	NUMA1	0.374
RANBP2	SF3B1	0.374
CCDC137	FTSJ3	0.373
DDX5	NPM1	0.373
NCL	RSL1D1	0.373
NPM1	ASXL2	0.373
DDX5	NOLC1	0.373
MYBBP1A	CTCF	0.373
CDCA8	HAUS6	0.372
MSH6	NPM1	0.372
PDCL3	NCL	0.372
HCFC1	NUP214	0.372
CDCA8	BRCA1	0.371
EHD4	HJURP	0.371
THOC2	C19orf47	0.371
COIL	KIF23	0.371
NPM1	PSIP1	0.37
THOC2	DHX30	0.37
PPP1R13B	CDC5L	0.37
TP53BP1	SUN1	0.37
KIF23	LIG1	0.37
ADAR	STAU2	0.369
GPSM1	ATXN2	0.369
FOSL1	CTCF	0.369
CREBBP	ASXL2	0.369
E2F8	SKA3	0.368
NPM1	DDX50	0.367
BAZ1B	NUMA1	0.367
STIL	MYO9B	0.367
CDC25B	MKI67	0.367
CDC25B	CDC27	0.367
FEN1	TACC3	0.366
MGA	SAP130	0.366
RANBP2	DNTTIP2	0.366
E2F8	CKAP2L	0.366
BAZ1B	REPIN1	0.366
MKI67	TCOF1	0.366
NPM1	CENPF	0.366
TP53BP1	TNRC6A	0.366
TNRC6A	ATXN2	0.366
MED1	TEX10	0.366
FEN1	MCMBP	0.366
DDX5	ATXN2L	0.366
TMPO	TTK	0.365
LEMD3	SF3B1	0.365
PRRC2C	BAZ1A	0.365
E2F7	GTSE1	0.364
RAD18	RECQL	0.364
NUP214	NUMA1	0.364
TRAM1	CWF19L2	0.364
RRP1B	UHRF1	0.364
STIL	DCP1A	0.364
RAD18	UHRF1	0.364
SKA3	NOLC1	0.363
TACC3	NUMA1	0.363
NSD1	KMT2B	0.363
NCAPH	NPM1	0.363
PNN	ZRANB2	0.363
TNRC6A	SMG7	0.363
PPRC1	RRP1B	0.362
MSH6	CREBBP	0.362
DNMBP	SH3BP4	0.362
SKA3	E2F7	0.361
HNRNPA1	SON	0.361
PPRC1	FTSJ3	0.361
RPA1	HNRNPA1	0.361
C1orf131	ZC3H11A	0.361
ANLN	CKAP4	0.361
SON	ZC3H11A	0.361
PNN	ZC3H11A	0.361
NCAPH	CENPJ	0.361
ESPL1	LIG1	0.361
PRRC2A	KMT2B	0.36
DNTTIP2	BCLAF1	0.36
COIL	TP53BP1	0.36
KIF23	DDX50	0.36
PPRC1	HJURP	0.36
LEMD3	TPR	0.36
BCAR1	ABL2	0.36
RAD18	CDC25A	0.36
HNRNPA1	ZRANB2	0.36
MPHOSPH8	AHCTF1	0.36
NASP	ANLN	0.359
PRRX1	NES	0.359
HNRNPA1	HMGA1	0.359
USP1	NUSAP1	0.359
KIF23	HNRNPA1	0.359
TRIM28	NOSIP	0.358
TRIM28	SON	0.358
SSRP1	PSIP1	0.358
CDC25A	KIF18B	0.358
TMPO	DDX3X	0.358
KIF23	CKAP4	0.358
NASP	KIF20B	0.357
E2F8	TMPO	0.357
AKAP12	NGDN	0.356
AHCTF1	SUN1	0.356
NASP	HMMR	0.356
KDM5A	CTCF	0.356
SMG9	STAU2	0.356
ORC1	KIF20B	0.356
TMPO	HSPH1	0.355
TRIM28	STAU2	0.355
NGDN	DHX30	0.355
CENPF	DEK	0.355
LMO7	SUN1	0.355
KIF23	BCLAF1	0.355
NCL	HMGA1	0.355
THOC2	SSRP1	0.355
ASXL2	NSD1	0.355
SSRP1	SCAF4	0.355
FEN1	BMS1	0.354
DDX5	SURF6	0.354
FEN1	SKA3	0.354
NPM1	TTK	0.354
MPHOSPH8	NSD1	0.354
NCAPH	BRCA1	0.353
PBRM1	KMT2B	0.353
RAD18	TTK	0.353
CEP170	NUMA1	0.353
LMO7	BCLAF1	0.353
INCENP	UHRF1	0.352
DNMT1	KMT2B	0.352
BAZ1B	CTCF	0.352
KIF23	RSL1D1	0.351
TTK	HAUS6	0.351
COIL	EXOSC10	0.351
TPX2	CDC27	0.351
TNRC6A	GATAD2A	0.351
RASSF1	NUP214	0.351
TP53BP1	CDC27	0.35
TMPO	ASPM	0.35
E2F8	CCNL2	0.349
MPHOSPH8	WIZ	0.349
SAP130	GATAD2A	0.349
TMPO	GTSE1	0.349
KIF23	RRP1B	0.349
TMPO	TPX2	0.349
TMPO	RACGAP1	0.349
RSL1D1	CD3EAP	0.349
BRCA1	VIM	0.349
SSRP1	MPHOSPH8	0.348
POLD3	SSRP1	0.348
SPTY2D1	MKI67	0.348
TCOF1	RTF1	0.348
DNMT1	CCNL2	0.348
NUP214	STIL	0.348
TMPO	SEC16A	0.348
RRP1B	NUMA1	0.347
TMPO	MYBBP1A	0.347
TMPO	CTCF	0.347
CTCF	DEK	0.347
RB1	RASSF1	0.347
COIL	RANBP2	0.347
KIF23	MYBBP1A	0.347
CDC25B	DNMT1	0.347
SSRP1	DNMT1	0.347
ZNF318	DCP1A	0.346
RTF1	RBM17	0.346
TACC3	DEPDC1	0.346
SON	RBM17	0.346
COIL	TCOF1	0.346
CDC27	BCLAF1	0.345
HMMR	INCENP	0.345
TMPO	PBK	0.345
AHCTF1	BMS1	0.345
TP53BP1	CTCF	0.345
MSH6	RRP1B	0.345
SSRP1	PBRM1	0.345
TMPO	TACC3	0.345
ANLN	HSPH1	0.345
DLGAP5	RANBP2	0.345
POLD3	MCMBP	0.345
RRP1B	ZC3H11A	0.345
CDC25B	CDC5L	0.344
SCAF4	HNRNPA1	0.344
MSH6	REPIN1	0.344
SSRP1	NOP2	0.344
MPG	MSH6	0.344
KIF23	SPAG9	0.343
MED1	EXOSC10	0.343
PYGB	FOSL1	0.343
RANBP2	RIPK4	0.343
MAP1B	NPM1	0.343
ANLN	RRP1B	0.343
NUP214	AMBRA1	0.343
NUP214	DDX50	0.343
TMEM131	VAC14	0.342
COIL	NPM1	0.342
KIF23	USP1	0.342
SLC38A2	NEDD4L	0.342
USP1	CENPF	0.342
SCAF4	DDX3X	0.341
STRN	SAV1	0.341
KIF23	NOP2	0.341
NSD1	DEK	0.341
TRIM28	EIF2B4	0.341
TRIM28	MAP1B	0.341
RPA1	MCMBP	0.34
E2F8	TACC3	0.34
CREBBP	HCFC1	0.34
MSH6	RB1	0.339
KIF23	VIM	0.339
KDM5A	BCLAF1	0.339
TRIM28	MKI67	0.339
MPHOSPH8	KMT2B	0.339
DDX5	DCP1A	0.339
TFAP4	BRCA1	0.339
NCL	TCOF1	0.339
BAZ1A	NUMA1	0.339
SEC23IP	NEDD4L	0.339
LASP1	AHNAK	0.338
HNRNPA1	UBAP2L	0.338
ABI1	DCP1A	0.337
RAD18	DNMT1	0.337
CENPF	VIM	0.337
COIL	DDX50	0.337
COIL	C1orf131	0.337
CCDC137	MKI67	0.337
SEC23IP	BMS1	0.337
KMT2B	WIZ	0.337
NUMA1	DEK	0.336
RANBP2	MYBBP1A	0.336
SSRP1	BCLAF1	0.336
TPR	ZRANB2	0.336
ANLN	VIM	0.336
DDX5	BCLAF1	0.336
ZRANB2	CDC5L	0.336
NPM1	CUX1	0.336
TMEM131	ZNF318	0.336
MAP1B	MYO9B	0.335
E2F7	KIF18B	0.335
ANLN	BMS1	0.335
FTSJ3	DDX3X	0.335
TMPO	NCL	0.334
ANLN	MYBBP1A	0.334
SSRP1	HNRNPA1	0.334
DDX5	THOC2	0.334
PRRC2C	NSD1	0.334
ANLN	HMGA1	0.334
MKI67	UTP14A	0.333
CREBBP	NPM1	0.333
CREBBP	PBRM1	0.333
ANLN	AHNAK	0.333
LASP1	VIM	0.333
FEN1	NOLC1	0.333
FEN1	KIF20B	0.333
NCAPG	NASP	0.333
POLD3	ORC1	0.333
MAP1B	CLIP1	0.333
GTSE1	UHRF1	0.333
PNN	ANLN	0.333
RASSF1	UHRF1	0.333
E2F7	STIL	0.332
ASXL2	KMT2B	0.332
ZNF318	BMS1	0.332
SCAF4	CCAR2	0.332
KIF23	ATXN2L	0.332
CDC25B	TPX2	0.332
NUP214	GATAD2A	0.331
SF3B1	ZRANB2	0.331
BAZ1A	BRCA1	0.331
SCAF4	TCOF1	0.331
DEK	NUSAP1	0.331
ANLN	NES	0.331
LIG1	TACC3	0.331
THOC2	ATXN2	0.331
THOC2	PPRC1	0.331
BCLAF1	CTCF	0.331
E2F8	NASP	0.33
MKI67	FTSJ3	0.33
PROSER1	ZBTB8A	0.33
CDC25B	KIF23	0.33
DNMBP	MYO9B	0.33
BAZ1B	BCLAF1	0.33
AHNAK	VIM	0.33
PRRC2C	KDM5A	0.33
SAP130	RTF1	0.33
HCFC1	UBAP2L	0.33
TRIM28	RECQL	0.329
SORBS3	ABL2	0.329
GEMIN5	FTSJ3	0.329
CCAR2	SF3B1	0.329
UBAP2L	DCP1A	0.329
CDC25B	TACC3	0.329
NPM1	EXOSC10	0.328
KIF23	DHX30	0.328
MSH6	CTCF	0.328
NPM1	HMMR	0.328
TRIM28	CENPF	0.328
E2F7	ZNF318	0.328
NGDN	DDX3X	0.328
CENPF	HAUS6	0.328
ANLN	CEP170	0.328
THOC2	KDM5A	0.328
SSRP1	RSL1D1	0.327
CENPF	CLIP1	0.327
CDC25A	DNMT1	0.327
TFAP4	SAP130	0.327
RAD18	ARHGAP11A	0.327
TMEM131	SEC23IP	0.327
DPF2	CTCF	0.327
NCL	BCAR1	0.327
PNN	TPR	0.327
MCMBP	SEC23IP	0.327
CDC25A	STIL	0.327
ANLN	SF3B1	0.326
ANLN	NOP2	0.326
TFAP4	PRRC2C	0.326
CEP170	MAP7D1	0.326
MKI67	DNTTIP2	0.326
KIF23	BMS1	0.326
NPM1	STIL	0.326
NASP	ASPM	0.326
NASP	DNMT1	0.326
SCAF4	SYNRG	0.326
ESPL1	NPM1	0.326
NPM1	SF3B1	0.326
NCL	BRCA1	0.326
TPX2	CENPJ	0.326
TMPO	VIM	0.326
TNRC6A	CTNND1	0.326
SMG7	STAU2	0.325
DDX5	TNRC6A	0.325
THOC2	RTF1	0.325
KIF23	NUMA1	0.325
DNMT1	MKI67	0.325
PNN	DDX5	0.325
USP1	BCLAF1	0.325
NCL	LASP1	0.325
PNN	MKI67	0.325
MSH6	USP1	0.324
PNN	RBM17	0.324
CCDC137	DNTTIP2	0.324
MGA	KDM5A	0.324
SCAF4	SAP130	0.324
SKA3	BAZ1B	0.324
DNMT1	TP53BP1	0.324
RRP1B	NUSAP1	0.324
RANBP2	LEMD3	0.324
SON	NES	0.324
KDM5A	BRCA1	0.324
NCL	FTSJ3	0.324
KIF23	CENPJ	0.324
NUP214	TCOF1	0.323
NCAPH	TRIM28	0.323
PRRX1	ARID5B	0.323
E2F7	CCNL2	0.323
NOP2	DHX30	0.323
HMGA1	UHRF1	0.323
CDC25B	TP53BP1	0.323
KIF23	NCL	0.323
MKI67	MAP7D1	0.322
TMPO	ATXN2L	0.322
ARID5B	KMT2B	0.322
FEN1	NCL	0.322
ANLN	BCLAF1	0.322
KIF20B	HAUS6	0.322
KIF23	ADAR	0.322
NCAPG	TRIM28	0.322
ANLN	HNRNPA1	0.321
PPRC1	DHX30	0.321
DDX50	NOLC1	0.321
RANBP2	EXOSC10	0.321
HNRNPA1	NGDN	0.321
ORC1	CENPJ	0.321
HNRNPA1	TNRC6A	0.321
HNRNPA1	NUP214	0.321
DDX50	EXOSC10	0.32
NUP214	SUN1	0.32
NCL	PRRC2C	0.32
TUT1	ADAR	0.32
KIF23	SPTY2D1	0.32
RANBP2	UTP14A	0.319
BCLAF1	DEK	0.319
MKI67	SMG1	0.319
NCL	SF3B1	0.319
LASP1	MAP4	0.319
ANLN	DDX50	0.319
PNN	SCAF4	0.319
TACC3	CDC27	0.319
TACC3	CENPJ	0.319
MGA	MKI67	0.319
DNMT1	PBRM1	0.319
PBRM1	BCAR1	0.318
CDC5L	GATAD2A	0.318
BCAR1	EPN1	0.318
ANLN	FOSL1	0.318
ARHGAP11A	UHRF1	0.318
DPF2	DHX30	0.318
CREBBP	SMG7	0.318
DEPDC1	BRCA1	0.318
TCOF1	NUSAP1	0.318
DDX5	DNMT1	0.318
PRRX1	VIM	0.317
STAU2	RSL1D1	0.317
ANLN	NCL	0.317
NGDN	EIF2B4	0.317
TACC3	ORC1	0.317
E2F8	CASP8AP2	0.317
RASAL2	ABL2	0.317
DDX5	ANLN	0.317
EXOSC10	DDX3X	0.317
MED1	SMG1	0.317
SON	MKI67	0.316
USP1	HMMR	0.316
SKA3	MCMBP	0.316
SKA3	UTP14A	0.316
KIF23	SON	0.316
NCL	DNMT1	0.316
PRRC2A	DDX3X	0.316
NASP	TPX2	0.316
RRP1B	RECQL	0.316
SLC38A2	HNRNPA1	0.316
PBRM1	RFX7	0.316
HCFC1	MKI67	0.316
NCAPH	TMPO	0.315
CREBBP	SYNRG	0.315
CREBBP	CENPJ	0.315
PTPN12	UBASH3B	0.315
PNN	KIF23	0.315
NPM1	FEN1	0.315
FEN1	CDC5L	0.315
TCOF1	GATAD2A	0.315
SF3B1	PRRC2C	0.315
NPM1	TACC3	0.315
NPM1	TCOF1	0.315
COIL	ANLN	0.315
TRIM28	ANLN	0.315
TMPO	KIF15	0.315
KIF23	UTP14A	0.314
POM121	SUN1	0.314
THOC2	KIF23	0.314
BAZ1B	TP53BP1	0.314
DNMBP	ANKLE2	0.314
COIL	HNRNPA1	0.313
CDC25B	INCENP	0.313
ANLN	HP1BP3	0.313
LASP1	CWC25	0.313
FOSL1	VIM	0.313
PSIP1	TP53BP1	0.313
MAP4	DHX30	0.313
TRAM1	LEMD3	0.313
CREBBP	CASP8AP2	0.313
TPR	DDX3X	0.313
CREBBP	NR4A1	0.313
CENPF	TP53BP1	0.312
ANLN	DHX30	0.312
INCENP	GTSE1	0.312
ANLN	ESYT2	0.312
CCAR2	GATAD2A	0.312
ANKLE2	NGDN	0.312
DLGAP5	USP1	0.312
TMPO	TPR	0.312
MYBBP1A	BAZ1A	0.312
NPM1	TPX2	0.312
FEN1	CASP8AP2	0.312
MSH6	PBK	0.311
TRIM28	RSL1D1	0.311
THOC2	AHCTF1	0.311
KDM5A	DDX3X	0.311
CDC25B	DLGAP5	0.311
VAC14	KMT2B	0.311
NCAPH	RRP1B	0.311
BRCA1	DEK	0.311
SMG1	BRCA1	0.311
HAUS6	CDC27	0.31
RANBP2	TPX2	0.31
DLGAP5	CENPJ	0.31
ORC1	HMMR	0.31
MSH6	DEK	0.31
HAUS6	PBK	0.31
SCAF4	MED1	0.309
DNMBP	CLIP1	0.309
STIL	KIF18B	0.309
ARHGAP11A	ORC1	0.309
BRCA1	ABL2	0.309
NCL	NOP2	0.309
RASSF1	VIM	0.309
ANKLE2	STAU2	0.309
NCAPG	DNMT1	0.309
POLD3	CDC27	0.309
COIL	MKI67	0.309
MAP1B	AKAP12	0.308
TP53BP1	SMG1	0.308
TNRC6A	CDC27	0.308
DNMBP	MKI67	0.308
ESPL1	TDRKH	0.308
HNRNPA1	EXOSC10	0.308
AHCTF1	SYNRG	0.308
STIL	GTSE1	0.308
OSBPL8	ZRANB2	0.308
FTSJ3	CWC25	0.308
CKAP2L	FEN1	0.308
KIF20B	STIL	0.308
ARHGAP11A	INCENP	0.308
NSD1	BRCA1	0.308
CASC3	CEP170	0.307
UBAP2L	CDC27	0.307
EXOSC10	MYBBP1A	0.307
RAD18	CTNND1	0.307
SEC16A	TOR1AIP1	0.307
DDX50	CD3EAP	0.307
ZRANB2	ATXN2L	0.306
SSRP1	SF3B1	0.306
MKI67	SIPA1L1	0.306
THOC2	SON	0.306
USP1	TTK	0.305
STRN	SLAIN2	0.305
TPX2	DNMT1	0.305
PSIP1	KDM5A	0.305
NUMA1	CDC27	0.305
RAD18	RSL1D1	0.305
ARHGAP11A	BRCA1	0.305
CDC25A	SMG1	0.305
CCAR2	UTP14A	0.305
CDC25A	CKAP2L	0.305
RTF1	GATAD2A	0.305
HMMR	CLIP1	0.304
CREBBP	BCLAF1	0.304
DNMT1	GATAD2A	0.304
NCL	SMG1	0.304
RB1	DEK	0.304
TRIM28	BAZ1A	0.304
TRIM28	LASP1	0.304
RANBP2	ABL2	0.304
NCAPG	TMPO	0.304
EXOSC10	PSIP1	0.303
RPA1	PIAS1	0.303
SPAG9	CLIP1	0.303
KIF23	RBM17	0.303
CENPF	CCNL2	0.303
NES	TNRC6A	0.303
TRIM28	HMGA1	0.303
PIAS1	NR4A1	0.303
SMG7	DDX3X	0.303
COIL	CTCF	0.302
TACC3	CUX1	0.302
LIG1	CDCA8	0.302
CDC25B	NUSAP1	0.302
TMPO	CASP8AP2	0.302
CCAR2	TNRC6A	0.302
TPR	KDM5A	0.301
ANLN	ADAR	0.301
ANLN	UTP14A	0.301
CUX1	CTCF	0.301
MYBBP1A	NR4A1	0.301
HCFC1	GATAD2A	0.301
MAP1B	KMT2B	0.301
DNMT1	PBK	0.301
DDX5	KDM5A	0.301
POLD3	RECQL	0.301
NES	AMBRA1	0.301
DNMT1	ADAR	0.301
DDX5	NASP	0.3
RPA1	TTK	0.3
DNMT1	NES	0.3
TFAP4	WIZ	0.3
TACC3	ESYT2	0.3
HAUS6	RACGAP1	0.3
CDC25B	RACGAP1	0.3
KIF23	AHNAK	0.3
CCAR2	CDC5L	0.3
TP53BP1	KIF18B	0.3
SCAF4	TEX10	0.3
FEN1	CDC27	0.299
RPA1	VIM	0.299
SON	TPR	0.299
SON	NUSAP1	0.299
SKA3	CENPJ	0.299
HAUS6	GTSE1	0.299
LASP1	PDLIM1	0.299
HNRNPA1	CWC25	0.299
KIF23	CASP8AP2	0.299
CCDC137	NOP2	0.299
NCAPH	NASP	0.299
TRIM28	PBRM1	0.299
BAZ1B	GATAD2A	0.299
HSPH1	DDX3X	0.299
FOSL1	E2F7	0.298
SSRP1	MYO9B	0.298
THOC2	GEMIN5	0.298
PROSER1	INCENP	0.298
GEMIN5	ZC3H11A	0.298
SLAIN2	NPM1	0.298
BAZ1B	BRCA1	0.298
KIF23	STAU2	0.297
CCAR2	MYO9B	0.297
KIF23	ZRANB2	0.297
RRP1B	NOSIP	0.297
SURF6	DHX30	0.297
RRP1B	HP1BP3	0.297
EHD4	TRIM28	0.297
NCL	ADAR	0.297
PCYT1A	RRP1B	0.297
ANLN	RSL1D1	0.297
SKA3	UBAP2L	0.297
MED1	TNRC6A	0.297
KMT2B	SMG1	0.297
KIF15	HAUS6	0.297
MKI67	CHAMP1	0.297
PRRC2C	AHCTF1	0.297
NASP	GTSE1	0.297
DNMT1	NUSAP1	0.297
DNMT1	CDCA8	0.297
HP1BP3	CTCF	0.297
ARID5B	RRP1B	0.296
ANLN	SEC16A	0.296
PCYT1A	FTSJ3	0.296
RRP1B	AHCTF1	0.296
MPHOSPH8	TPR	0.296
SON	CTCF	0.296
MSH6	NOLC1	0.296
RAD18	HAUS6	0.296
FOSL1	TRPS1	0.296
NOLC1	NGDN	0.296
MSH6	ORC1	0.295
MYBBP1A	HP1BP3	0.295
LIG1	RB1	0.295
CDC5L	NOP2	0.295
ANKLE2	AHCTF1	0.295
E2F8	USP1	0.295
TMEM131	TMPO	0.295
TPR	PSIP1	0.295
TMPO	ARHGAP11A	0.295
PRRX1	GPSM1	0.295
AHCTF1	CENPF	0.295
SSRP1	EXOSC10	0.294
RAD18	LMO7	0.294
ARID5B	LIMCH1	0.294
PKN2	SMG1	0.294
SKA3	TP53BP1	0.294
LIG1	RACGAP1	0.294
MKI67	STAU2	0.294
MKI67	RBM17	0.294
RRP1B	CTNND1	0.294
NCAPH	NUMA1	0.293
CREBBP	UHRF1	0.293
CREBBP	ARID5B	0.293
RTF1	HSPH1	0.293
NCL	DCP1A	0.293
SLC38A2	RAD18	0.293
SSRP1	HJURP	0.293
DLGAP5	TRIM28	0.293
SSRP1	UBAP2L	0.293
ANLN	PPFIBP1	0.292
LEMD3	SKA3	0.292
SSRP1	HCFC1	0.292
MKI67	DDX50	0.292
HNRNPA1	DCP1A	0.292
PMVK	MKI67	0.292
SPAG9	ANLN	0.292
KIF23	HYLS1	0.292
TMPO	AHNAK	0.292
C1orf131	MYBBP1A	0.292
SMG1	STAU2	0.292
OSBPL8	GRAMD1B	0.292
PYGB	NPM1	0.292
LIG1	BAZ1A	0.292
CWF19L2	RANBP2	0.291
MGA	ASXL2	0.291
FOSL1	PHLDA2	0.291
TACC3	DNMT1	0.291
AHNAK	UBAP2L	0.291
USP1	HAUS6	0.291
HNRNPA1	DNMT1	0.29
THOC2	BMS1	0.29
ADAR	NOP2	0.29
PNN	SON	0.289
NASP	KIF15	0.289
KDM5A	ASXL2	0.289
COIL	NUMA1	0.289
COIL	USP1	0.289
ZNF318	HJURP	0.289
SPTY2D1	GULP1	0.289
NCAPH	RPA1	0.289
CDC5L	DEK	0.289
ORC1	HMGA1	0.289
TSC2	NSD1	0.289
CKAP4	TOR1AIP1	0.289
NUMA1	HMMR	0.288
NASP	RTF1	0.288
MGA	PBRM1	0.288
GATAD2A	CTCF	0.288
RASSF1	CCNL2	0.288
ZFAND3	GATAD2A	0.288
MSH6	CDC5L	0.288
DPF2	GATAD2A	0.287
TSC2	TRIM28	0.287
ORC1	DEPDC1	0.287
CDC5L	UTP14A	0.287
NOLC1	UBAP2L	0.287
CDCA8	CENPJ	0.287
PRRC2A	NOLC1	0.287
BAZ1B	HP1BP3	0.287
BRCA1	KIF18B	0.287
PNN	NUP214	0.287
PNN	TEX10	0.287
COIL	DCP1A	0.286
RANBP2	NGDN	0.286
KIF18B	CLIP1	0.286
DDX5	TEX10	0.286
PRRC2A	TNRC6A	0.286
TP53BP1	BAZ1A	0.286
PYGB	CKAP4	0.286
DDX5	RANBP2	0.285
TMPO	INCENP	0.285
DLGAP5	CASP8AP2	0.285
SSRP1	CDCA8	0.285
CDC25A	KIF20B	0.285
SSRP1	CTCF	0.285
PPRC1	HNRNPA1	0.285
UTP14A	EIF2B4	0.284
ORC1	NSD1	0.284
CCDC137	SURF6	0.284
HCFC1	DNMT1	0.284
USP1	PSIP1	0.284
THOC2	SMG1	0.283
NASP	MKI67	0.283
TRIM28	PDCL3	0.283
ZRANB2	RTF1	0.283
RANBP2	NCL	0.283
BAZ1A	NSD1	0.283
CCAR2	SEC16A	0.283
DDX5	UBAP2L	0.283
TPR	TOR1AIP1	0.283
CDC25A	INCENP	0.282
TRIM28	CDC5L	0.282
PNN	SSRP1	0.282
CDC25A	ARHGAP11A	0.282
TMPO	CDC25A	0.282
NEDD4L	EPN1	0.281
NASP	HNRNPA1	0.281
SEC16A	ATXN2L	0.281
AHCTF1	PRRC2A	0.281
SSRP1	ZRANB2	0.28
GEMIN5	RTF1	0.28
LIG1	BAZ1B	0.28
NASP	LIG1	0.28
MAP1B	MAP7D1	0.28
TMEM131	ASXL2	0.28
RANBP2	HSPH1	0.28
HJURP	CD3EAP	0.28
LIG1	KIF20B	0.28
CDC25A	TACC3	0.28
CCDC137	TDRKH	0.279
NCAPH	DNMT1	0.279
PRRC2C	DCP1A	0.279
PCYT1A	SEC23IP	0.279
NCAPG	HAUS6	0.279
AHCTF1	ASXL2	0.279
MPHOSPH8	KDM5A	0.279
TNRC6A	NSD1	0.279
TMPO	CDC5L	0.279
DDX5	STAU2	0.279
INCENP	CCNL2	0.279
CENPJ	HMMR	0.279
LEMD3	CTCF	0.279
NUMA1	PBRM1	0.279
GATAD2A	BCLAF1	0.278
SSRP1	TCOF1	0.278
TCOF1	SYNRG	0.278
BCLAF1	RSL1D1	0.278
TCOF1	NOP2	0.278
TPX2	HMGA1	0.278
PHLDA2	DNMT1	0.278
MAP4	CEP170	0.278
CDC25B	ASPM	0.278
DDX5	GATAD2A	0.278
MPHOSPH8	NUMA1	0.278
LIG1	CDC25A	0.278
PNN	SMG7	0.277
TSC2	NES	0.277
ANLN	DNMT1	0.277
RB1	ARID5B	0.277
TEX10	FTSJ3	0.277
ANLN	HAUS6	0.277
STIL	UHRF1	0.277
BAZ1B	ATXN2	0.277
NUP214	CTCF	0.277
DLGAP5	PPRC1	0.277
NPM1	CCNL2	0.277
POLD3	KIF20B	0.277
LIG1	ASPM	0.277
RRP1B	CTCF	0.277
NUMA1	SUN1	0.277
NUP214	KDM5A	0.277
CKAP2L	INCENP	0.277
TMEM131	RFX7	0.277
CENPJ	INCENP	0.276
NASP	PBK	0.276
DNMT1	WIZ	0.276
CCAR2	TACC3	0.276
USP1	CDCA8	0.276
SLAIN2	MED1	0.276
SCAF4	CTCF	0.276
MAP4	NUMA1	0.276
DEPDC1	UHRF1	0.276
POLD3	TTK	0.276
PPFIBP1	ADD3	0.276
RAD18	DDX50	0.276
RANBP2	KDM5A	0.276
NPM1	UTP14A	0.275
MED1	DDX50	0.275
COIL	MYBBP1A	0.275
THOC2	ADAR	0.275
ADAR	BCLAF1	0.275
GEMIN5	BMS1	0.275
SMG1	BCLAF1	0.275
TSC2	TP53BP1	0.274
RANBP2	TACC3	0.274
TACC3	CLIP1	0.274
ZC3H11A	DDX3X	0.274
NES	CCNL2	0.274
OSBPL8	PHLDA2	0.274
STRN	CLIP1	0.274
ZFAND3	ZNF609	0.274
NCAPG	CENPJ	0.273
CKAP2L	TUT1	0.273
LASP1	SIPA1L1	0.273
CKAP2L	ARHGAP11A	0.273
AHCTF1	PKN2	0.273
ADAR	TNRC6A	0.273
NPM1	VIM	0.273
CASC3	PRRC2A	0.273
CDC5L	TCOF1	0.273
CCNL2	NUSAP1	0.273
ZBTB8A	GATAD2A	0.273
NCL	DDX50	0.272
ORC1	KIF18B	0.272
SORBS3	DNMT1	0.272
TSC2	PPRC1	0.272
CUX1	TRPS1	0.272
ARID5B	TNRC6A	0.272
ASPM	DEK	0.272
EXOSC10	SMG7	0.271
POLD3	CHAMP1	0.271
USP1	ARHGAP11A	0.271
NPM1	CDC5L	0.271
ESPL1	CREBBP	0.271
RIPK4	MYO9B	0.271
BAZ1B	AHCTF1	0.271
DPF2	SSRP1	0.271
NCL	BAZ1B	0.271
HAUS6	KIF18B	0.271
NCAPG	NPM1	0.271
TCOF1	HJURP	0.27
USP1	PIAS1	0.27
NUMA1	CHAMP1	0.27
RB1	NES	0.27
SURF6	DDX3X	0.27
MPG	CTCF	0.27
AHCTF1	VIM	0.27
DNMT1	DEK	0.27
TMPO	RIPK4	0.27
ZNF609	SMG7	0.27
ARHGAP11A	HAUS6	0.27
PKN2	CDC5L	0.27
PTPN12	DEK	0.27
ABI1	DBNL	0.269
TRIM28	NUP214	0.269
RPA1	PBK	0.269
PRRC2C	TNRC6A	0.269
TTK	CCNL2	0.269
MSH6	RASSF1	0.269
POLD3	CENPF	0.269
INCENP	CDC27	0.269
DLGAP5	NPM1	0.269
KMT2B	CTCF	0.269
CREBBP	SSRP1	0.269
RASSF1	CTCF	0.269
NUP214	CASP8AP2	0.269
RANBP2	SECISBP2L	0.269
AHNAK	PBRM1	0.269
TCOF1	BRCA1	0.268
FTSJ3	DEK	0.268
PRRC2A	SMG1	0.268
RPA1	CDC25A	0.268
DDX5	DNTTIP2	0.267
ANLN	CASP8AP2	0.267
HP1BP3	NUSAP1	0.267
NSD1	WIZ	0.267
GEMIN5	TTK	0.267
KDM5A	UBAP2L	0.267
PTPN12	ASXL2	0.267
LIG1	KIF15	0.267
TRPS1	RFX7	0.266
RTF1	SYNRG	0.266
NCAPG	RAD18	0.266
RANBP2	RSL1D1	0.266
CDC5L	TP53BP1	0.266
FEN1	EXOSC10	0.266
CDC25B	ORC1	0.266
CDC25B	ANLN	0.266
TRIM28	FTSJ3	0.266
FEN1	ARHGAP11A	0.266
KIF23	CDC27	0.265
TCOF1	UBAP2L	0.265
SYDE1	WIZ	0.265
ANLN	CENPJ	0.265
MSH6	CDCA8	0.265
E2F7	KIF20B	0.265
SPTY2D1	TTK	0.265
RANBP2	RBM17	0.265
CCNL2	UBAP2L	0.265
SSRP1	SPTY2D1	0.265
CASC3	ADAR	0.265
ATXN2L	GATAD2A	0.265
NCL	CDC5L	0.264
DHX30	ATXN2	0.264
USP1	RECQL	0.264
NCAPH	SPAG9	0.264
MSH6	ASPM	0.264
DDX5	GEMIN5	0.264
TTK	NUMA1	0.264
USP1	CTCF	0.264
PPFIBP1	CLIP1	0.264
POLD3	NUSAP1	0.264
FEN1	E2F7	0.264
SCAF4	SPTY2D1	0.264
RB1	NSD1	0.264
CCAR2	MYBBP1A	0.264
PRRC2C	PBRM1	0.264
HCFC1	RTF1	0.263
SAP130	CDC5L	0.263
CWF19L2	TEX10	0.263
CCAR2	SEC23IP	0.263
SF3B1	NUP214	0.263
CENPF	DDX3X	0.263
TP53BP1	BCLAF1	0.263
TPX2	CDC5L	0.263
NUMA1	BCLAF1	0.263
SIPA1L1	SYNRG	0.263
TSC2	MED1	0.263
DDX5	DDX50	0.263
NPM1	TP53BP1	0.263
HCFC1	PBRM1	0.262
TCOF1	CDC27	0.262
SPTY2D1	CENPJ	0.262
POLD3	CTCF	0.262
RIPK4	UBAP2L	0.262
DNMT1	RACGAP1	0.262
HP1BP3	BCLAF1	0.262
BMS1	DDX3X	0.262
TSC2	RB1	0.262
RB1	FEN1	0.262
LASP1	ABI1	0.262
NUMA1	HP1BP3	0.262
ASXL2	PBRM1	0.262
RPA1	CTCF	0.262
SSRP1	MCMBP	0.262
COIL	RSL1D1	0.262
SAP130	CTCF	0.262
CDC5L	TEX10	0.261
HNRNPA1	RSL1D1	0.261
BAZ1B	POM121	0.261
TFAP4	RFX7	0.261
NCL	DEK	0.261
TEX10	DNTTIP2	0.261
DHX30	RSL1D1	0.261
NEDD4L	AMBRA1	0.261
RAD18	KIF15	0.261
CKAP2L	ORC1	0.261
E2F8	POLD3	0.261
CASP8AP2	UHRF1	0.261
GATAD2A	PBRM1	0.26
CDC25B	LIG1	0.26
TMPO	DEPDC1	0.26
TMPO	SSRP1	0.26
NPM1	LIMCH1	0.26
LMO7	BRCA1	0.26
PRRC2C	NOLC1	0.26
CDC5L	NOLC1	0.26
PRRC2A	ATXN2	0.26
TMPO	AHCTF1	0.259
SLAIN2	CEP170	0.259
ESPL1	CTCF	0.259
CREBBP	PRRC2C	0.259
MSH6	TMPO	0.259
BAZ1A	SEC24A	0.259
RANBP2	CUX1	0.259
POLD3	TMPO	0.259
TRIM28	GATAD2A	0.259
HMGA1	RACGAP1	0.259
SSRP1	CCAR2	0.259
PPRC1	RSL1D1	0.259
LIG1	TTK	0.259
INCENP	DEPDC1	0.259
SPAG9	KIF20B	0.258
MAP1B	BRCA1	0.258
FOSL1	DNMT1	0.258
PROSER1	REPIN1	0.258
RAD18	MCMBP	0.258
RPA1	TPX2	0.258
TPR	BMS1	0.258
PSIP1	NUMA1	0.258
INCENP	CLIP1	0.258
BAZ1A	PBRM1	0.258
RANBP2	MED1	0.258
SPAG9	NOLC1	0.257
ADD3	CTNND1	0.257
CREBBP	SON	0.257
NPM1	ASPM	0.257
BAZ1A	UHRF1	0.257
LIG1	ADAR	0.257
TUT1	HNRNPA1	0.257
PPRC1	SURF6	0.257
STK17A	NOSIP	0.257
BAZ1B	MPHOSPH8	0.257
MSH6	NCAPH	0.257
CREBBP	PROSER1	0.257
CWF19L2	MPHOSPH8	0.256
HMMR	CASP8AP2	0.256
TMPO	HJURP	0.256
MYBBP1A	REPIN1	0.256
SEC23IP	FTSJ3	0.256
ZNF609	ATXN2	0.256
NUP214	RTF1	0.256
SPAG9	CTNND1	0.256
BAZ1A	CTCF	0.256
MED1	CTCF	0.256
TRIM28	NASP	0.255
DNMT1	MYBBP1A	0.255
RPA1	RANBP2	0.255
RPA1	NCL	0.255
ZRANB2	CTCF	0.255
NOP2	DDX3X	0.255
LIG1	EXOSC10	0.255
MED1	DDX3X	0.255
DPF2	CDC5L	0.255
DPF2	HP1BP3	0.255
AHNAK	NUMA1	0.255
DHX30	EIF2B4	0.255
FEN1	DEK	0.255
SSRP1	GEMIN5	0.255
CDC5L	CD3EAP	0.254
RPA1	DNMT1	0.254
PROSER1	TNRC6A	0.254
PNN	DNTTIP2	0.254
TOB2	TNRC6A	0.254
ZNF609	WIZ	0.254
DNMT1	PSIP1	0.254
TRIM28	PIAS1	0.254
TUT1	CCAR2	0.254
RANBP2	ATXN2	0.254
HAUS6	PSIP1	0.254
NPM1	PBRM1	0.254
FEN1	GATAD2A	0.254
SCAF4	CDC27	0.254
SF3B1	RTF1	0.253
TTK	CASP8AP2	0.253
EHD4	EPN1	0.253
HMMR	NOLC1	0.253
DDX50	TEX10	0.253
STAU2	DCP1A	0.253
CCAR2	TPR	0.253
CENPJ	EPN1	0.253
LMO7	BCAR1	0.253
ANLN	USP1	0.253
PKN2	DDX3X	0.253
COIL	BMS1	0.253
HNRNPA1	DDX50	0.253
TMPO	RBM17	0.252
SCAF4	NUP214	0.252
DNMT1	EXOSC10	0.252
TP53BP1	NSD1	0.252
NOSIP	MCMBP	0.252
MGA	PTPN12	0.252
TNRC6A	NGDN	0.252
ANLN	UBAP2L	0.252
STRN	AHCTF1	0.252
COIL	ZRANB2	0.252
ZNF318	MAP7D1	0.252
CDC5L	CTCF	0.252
PCYT1A	ASXL2	0.252
NPM1	BAZ1B	0.251
CREBBP	UBAP2L	0.251
NPM1	SPTY2D1	0.251
CDC25A	USP1	0.251
SURF6	CTCF	0.251
KDM5A	GATAD2A	0.251
MAP7D1	NUMA1	0.251
HNRNPA1	SURF6	0.251
HCFC1	PRRC2A	0.251
RRP1B	ASPM	0.251
ZNF318	EXOSC10	0.251
TCOF1	TP53BP1	0.251
KIF15	CDC27	0.251
DDX5	RAD18	0.25
AHCTF1	HAUS6	0.25
ESPL1	ANKLE2	0.25
MED1	HSPH1	0.25
FEN1	CCNL2	0.25
PKN2	BAZ1A	0.25
TP53BP1	KDM5A	0.25
SON	DDX50	0.25
RAD18	NGDN	0.25
NUP214	ATXN2L	0.25
GRAMD1B	ESYT2	0.25
NCAPH	GATAD2A	0.25
ARID5B	TRPS1	0.25
SF3B1	BRCA1	0.249
DDX50	MYBBP1A	0.249
ATXN2L	DDX3X	0.249
MKI67	NUMA1	0.249
BRCA1	SMG7	0.249
CCAR2	UBAP2L	0.249
FEN1	UBAP2L	0.249
CRIPT	TRAM1	0.249
SURF6	INCENP	0.249
SEC16A	DCP1A	0.249
HCFC1	NCL	0.249
DLGAP5	POLD3	0.249
CCDC137	MYBBP1A	0.249
ZRANB2	ZC3H11A	0.249
DDX5	SMG1	0.249
ZNF318	ZBTB8A	0.248
SCAF4	SF3B1	0.248
SAP130	TCOF1	0.248
HMMR	DEK	0.248
UBAP2L	DHX30	0.248
TPR	TTK	0.248
TPR	HP1BP3	0.248
MKI67	CCNL2	0.248
NPM1	DNTTIP2	0.248
FOSL1	ABL2	0.247
PPFIBP1	NUMA1	0.247
ADAR	BRCA1	0.247
HNRNPA1	CTCF	0.247
NUMA1	WIZ	0.247
RTF1	CTCF	0.247
DLGAP5	CCNL2	0.247
CDC25B	RB1	0.247
CDC25B	TTK	0.247
RANBP2	PBRM1	0.247
LIG1	NUSAP1	0.246
MPHOSPH8	INCENP	0.246
THOC2	PBRM1	0.246
SORBS3	PDLIM1	0.246
TMPO	BCLAF1	0.246
FOSL1	CCNL2	0.246
NASP	TPR	0.246
KIF23	HCFC1	0.246
MSH6	HMMR	0.246
TRIM28	AMBRA1	0.246
SSRP1	TPR	0.245
TPR	RBM17	0.245
E2F8	PHLDA2	0.245
RPA1	CENPF	0.245
MAP7D1	HAUS6	0.245
PRRC2C	EIF2B4	0.245
CDC25A	HMGA1	0.245
CCAR2	ATXN2L	0.245
KIF15	NUMA1	0.245
SPTY2D1	SEC24A	0.245
SON	NSD1	0.245
TSC2	SH3BP4	0.245
MAP4	AHNAK	0.244
SEC16A	CWC25	0.244
CREBBP	SMG1	0.244
TSC2	NEDD4L	0.244
PDLIM1	MAP7D1	0.244
PSIP1	RTF1	0.244
RB1	CTCF	0.244
LEMD3	NUP214	0.244
GATAD2A	HP1BP3	0.244
RPA1	NUMA1	0.244
RANBP2	SAP130	0.244
KIF15	CLIP1	0.244
SF3B1	SMG1	0.244
LIG1	HMGA1	0.244
SON	UBAP2L	0.244
PRRX1	TRPS1	0.244
CDC25B	PBK	0.244
KIF23	CCNL2	0.244
CDC5L	DNTTIP2	0.244
CCAR2	NUP214	0.244
GEMIN5	NPM1	0.243
DDX5	CCNL2	0.243
SPAG9	RANBP2	0.243
NASP	RBM17	0.243
KIF23	DNMT1	0.243
PPRC1	RANBP2	0.243
TACC3	CASP8AP2	0.243
DDX5	CD3EAP	0.243
DHX30	DNTTIP2	0.243
COIL	SMG7	0.243
SURF6	SMG7	0.243
COIL	SCAF4	0.243
SEC16A	ATXN2	0.243
CDC27	CTCF	0.243
NCAPH	STK17A	0.242
HMMR	CCNL2	0.242
LIG1	USP1	0.242
HCFC1	NSD1	0.242
SPTY2D1	NOP2	0.242
ARHGEF17	PPFIBP1	0.242
NUP214	CDC27	0.242
CCAR2	RBM17	0.242
ESPL1	TP53BP1	0.242
WIZ	CTCF	0.242
DDX5	CWC25	0.242
UTP14A	DEK	0.242
AHCTF1	PBRM1	0.242
CASC3	LASP1	0.242
SPTY2D1	SON	0.242
TP53BP1	PBRM1	0.241
PNN	SMG1	0.241
TMPO	ORC1	0.241
MSH6	DDX3X	0.241
DDX50	DNTTIP2	0.241
HAUS6	BRCA1	0.241
CKAP2L	MAP4	0.241
SF3B1	BAZ1A	0.241
MED1	CDC5L	0.241
DDX5	CCAR2	0.241
RTF1	PBRM1	0.241
NCAPH	RANBP2	0.241
KDM5A	DEK	0.241
ARHGEF17	SYDE1	0.241
CCAR2	CTCF	0.241
BAZ1B	NSD1	0.24
PPRC1	SON	0.24
NUP214	RBM17	0.24
GEMIN5	MED1	0.24
TFAP4	ARID5B	0.24
E2F8	FOSL1	0.24
MPG	NPM1	0.24
PRRC2A	SMG7	0.24
CEP170	PBRM1	0.24
AHCTF1	TP53BP1	0.24
PSIP1	CTCF	0.24
PCYT1A	CEP170	0.24
RPA1	CDCA8	0.24
SEC16A	AHNAK	0.24
MED1	PRRC2C	0.239
POLD3	CASP8AP2	0.239
KIF23	POLD3	0.239
OSBPL8	TMPO	0.239
TSC2	SLC38A2	0.239
MICALL1	MSH6	0.239
PSIP1	FTSJ3	0.239
PSIP1	UBAP2L	0.239
TCOF1	CENPJ	0.239
DNMT1	CENPF	0.239
NCL	NUMA1	0.239
RAD18	PBK	0.239
DDX50	KDM5A	0.238
DHX30	CTCF	0.238
FOSL1	UBAP2L	0.238
TMPO	BRCA1	0.238
NCL	SON	0.238
LEMD3	VIM	0.238
TCOF1	UTP14A	0.238
RRP1B	REPIN1	0.238
ZRANB2	MAP7D1	0.238
CKAP2L	TACC3	0.238
PRRC2C	CTNND1	0.238
NUMA1	RACGAP1	0.238
PBRM1	HP1BP3	0.237
TACC3	MAP4	0.237
TMEM131	SEC24A	0.237
TCOF1	MYBBP1A	0.237
PNN	LEMD3	0.237
PPRC1	BMS1	0.237
MYBBP1A	GATAD2A	0.237
NPM1	DHX30	0.237
RAD18	RACGAP1	0.237
TMEM131	SEC16A	0.236
E2F7	DNMT1	0.236
FAM117B	ATXN2	0.236
CDCA8	NOLC1	0.236
CDCA8	CASP8AP2	0.236
PSIP1	BRCA1	0.236
BAZ1A	DEK	0.236
RANBP2	DDX50	0.236
RACGAP1	CDC27	0.236
ORC1	KMT2B	0.236
NCAPH	PMVK	0.236
NCL	UBAP2L	0.236
RAD18	KIF20B	0.236
SORBS3	TRIM28	0.236
SMG1	DHX30	0.236
SSRP1	RANBP2	0.236
ZNF609	TNRC6A	0.235
TSC2	KMT2B	0.235
TRPS1	SMG7	0.235
PRRC2C	KIF20B	0.235
CENPF	CASP8AP2	0.235
NES	HJURP	0.235
CDC5L	MYBBP1A	0.235
CDC25A	NUMA1	0.235
DNMBP	LMO7	0.235
MSH6	CENPF	0.235
CCAR2	NUMA1	0.235
PROSER1	SAP130	0.235
COIL	PSIP1	0.235
NUP214	PRRC2A	0.234
NCAPH	NOLC1	0.234
UBAP2L	SIPA1L1	0.234
PBRM1	CDC27	0.234
PRRC2C	SMG7	0.233
THOC2	BAZ1A	0.233
RANBP2	BRCA1	0.233
HNRNPA1	UTP14A	0.233
DDX5	MED1	0.233
COIL	PBRM1	0.233
CREBBP	ZNF609	0.233
SH3BP4	SIPA1L1	0.233
SSRP1	ZNF318	0.233
EXOSC10	RTF1	0.233
NASP	CDC25A	0.233
PRRC2A	CTNND1	0.233
RPA1	NOLC1	0.233
ANKLE2	SUN1	0.233
ANKLE2	CLIP1	0.232
ANKLE2	SMG1	0.232
TTK	RECQL	0.232
RTF1	UBAP2L	0.232
ANKLE2	MPHOSPH8	0.232
MPHOSPH8	UBAP2L	0.232
SF3B1	RSL1D1	0.232
DLGAP5	RPA1	0.232
MGA	NSD1	0.232
MSH6	NCL	0.232
TCOF1	BCLAF1	0.232
CDC5L	PBRM1	0.232
STAU2	DDX3X	0.232
TRIM28	WIZ	0.231
SCAF4	BAZ1B	0.231
RANBP2	SKA3	0.231
MAP7D1	VIM	0.231
SAV1	AKAP12	0.231
BAZ1B	SON	0.231
KIF20B	NUMA1	0.231
MSH6	TACC3	0.231
C1orf131	MAP7D1	0.231
TACC3	USP1	0.231
TPX2	AHCTF1	0.231
HNRNPA1	STAU2	0.231
MSH6	CDC27	0.231
TACC3	DEK	0.23
HNRNPA1	SMG1	0.23
TMPO	RANBP2	0.23
SSRP1	ZC3H11A	0.23
CTNND1	LIMCH1	0.23
HJURP	DEK	0.23
POLD3	CDCA8	0.23
ZNF318	ZRANB2	0.23
ESPL1	POM121	0.23
SPTY2D1	TPR	0.23
EIF2B4	DCP1A	0.23
WIZ	DEK	0.23
DLGAP5	LIG1	0.23
SCAF4	UBAP2L	0.23
TNRC6A	SMG1	0.23
RAD18	PSIP1	0.23
NSD1	UHRF1	0.23
BCAR1	CLIP1	0.23
DNMT1	HMGA1	0.23
ZFAND3	ZRANB2	0.229
PTPN12	CTNND1	0.229
MPHOSPH8	CDC27	0.229
TMPO	NOLC1	0.229
TPX2	SAP130	0.229
NUMA1	DHX30	0.229
TMEM131	THOC2	0.229
DDX5	RPA1	0.229
LASP1	GATAD2A	0.229
NUMA1	DNTTIP2	0.229
SON	AHCTF1	0.229
TRIM28	TCOF1	0.229
RAD18	NPM1	0.229
POLD3	HMMR	0.229
SSRP1	ADAR	0.229
PBRM1	BCLAF1	0.228
DDX50	DCP1A	0.228
HNRNPA1	ATXN2L	0.228
CASC3	HNRNPA1	0.228
CCNL2	NR4A1	0.228
NPM1	NUSAP1	0.228
NPM1	PBK	0.228
CDCA8	MYBBP1A	0.228
SCAF4	SON	0.228
TUT1	ZC3H11A	0.228
LIG1	PBK	0.228
GEMIN5	UBAP2L	0.228
NASP	SKA3	0.228
NASP	NOLC1	0.228
DDX50	ATXN2L	0.227
FTSJ3	HP1BP3	0.227
TACC3	NSD1	0.227
RIPK4	CDC27	0.227
PRRC2C	EPN1	0.227
STIL	INCENP	0.227
THOC2	KMT2B	0.227
BAZ1A	HMGA1	0.227
CDCA8	DDX50	0.227
MGA	SON	0.227
ATXN2L	DHX30	0.227
AHCTF1	KIF20B	0.227
NCL	SECISBP2L	0.227
NGDN	SMG1	0.227
LEMD3	ZNF318	0.227
NES	CTCF	0.227
RPA1	KIF23	0.227
MSH6	MKI67	0.227
BAZ1A	WIZ	0.227
RB1	ASPM	0.227
SPAG9	BAZ1A	0.227
DDX5	BAZ1A	0.226
PSIP1	PBRM1	0.226
BCAR1	DBNL	0.226
MKI67	DEK	0.226
AHCTF1	BCLAF1	0.226
GTSE1	DEK	0.226
SMG1	ZC3H11A	0.226
ADAR	CTCF	0.226
MED1	UBAP2L	0.226
STRN	PBRM1	0.226
DNMT1	BCLAF1	0.226
MAP1B	STAU2	0.226
RBM17	RSL1D1	0.226
OSBPL8	PMVK	0.226
LIG1	MKI67	0.226
PRRC2A	NOP2	0.226
PCYT1A	NUMA1	0.226
PRRC2C	ASXL2	0.226
PRRC2C	KMT2B	0.226
ATXN2L	KMT2B	0.226
TEX10	HAUS6	0.225
TEX10	CTCF	0.225
TCOF1	NUMA1	0.225
TCOF1	CTCF	0.225
TACC3	SEC24A	0.225
NPM1	CDCA8	0.225
THOC2	VIM	0.225
NOP2	GTSE1	0.225
GEMIN5	CENPJ	0.225
DDX50	GATAD2A	0.224
PPRC1	TPR	0.224
RPA1	NASP	0.224
ANLN	LIMCH1	0.224
TEX10	EIF2B4	0.224
DDX5	PRRC2C	0.224
USP1	NEDD4L	0.224
HCFC1	SF3B1	0.224
CREBBP	CCNL2	0.224
LMO7	LIMCH1	0.224
TMPO	CKAP2L	0.224
GEMIN5	NOP2	0.224
SSRP1	RBM17	0.224
ORC1	CCNL2	0.224
DDX50	WIZ	0.223
MYBBP1A	NUMA1	0.223
NCAPH	CDC5L	0.223
MPG	BRCA1	0.223
DNMT1	NUMA1	0.223
SUN1	CTCF	0.223
NCL	HSPH1	0.223
RAD18	CENPF	0.223
HCFC1	MPHOSPH8	0.223
DPF2	EXOSC10	0.223
COIL	SON	0.223
NR4A1	CTCF	0.223
CCDC137	SPTY2D1	0.223
DDX5	RBM17	0.223
HAUS6	HJURP	0.223
GEMIN5	SURF6	0.223
BAZ1A	GATAD2A	0.223
CEP170	ZC3H11A	0.223
MSH6	ABL2	0.222
CDCA8	TCOF1	0.222
DNMT1	NR4A1	0.222
ZNF318	MPHOSPH8	0.222
CTNND1	VIM	0.222
STIL	CASP8AP2	0.222
NPM1	HP1BP3	0.222
SON	GATAD2A	0.222
ANLN	LASP1	0.222
POLD3	TPX2	0.222
CCDC137	RSL1D1	0.222
TMPO	TP53BP1	0.222
AHCTF1	CDCA8	0.222
STRN	TACC3	0.222
PNN	CCAR2	0.222
MGA	BAZ1B	0.221
DPF2	CREBBP	0.221
CREBBP	FEN1	0.221
NPM1	UHRF1	0.221
TMPO	NUP214	0.221
THOC2	CWC25	0.221
CDC25B	KIF18B	0.221
LIG1	TPX2	0.221
MSH6	DLGAP5	0.221
CREBBP	NUMA1	0.221
STK17A	BCLAF1	0.221
CENPF	TPR	0.221
RANBP2	ADAR	0.22
ANLN	CCNL2	0.22
ZNF318	ASXL2	0.22
RANBP2	DNMT1	0.22
HCFC1	CTCF	0.22
HCFC1	HMGA1	0.22
FOSL1	MKI67	0.22
PRRC2A	NSD1	0.22
CCAR2	BAZ1A	0.22
CCAR2	ZC3H11A	0.22
NASP	ATXN2L	0.22
TRAM1	ANKLE2	0.22
RRP1B	MCMBP	0.22
MED1	EIF2B4	0.22
ANKLE2	CKAP4	0.22
TFAP4	FOSL1	0.22
TMPO	HAUS6	0.22
PNN	COIL	0.22
TRIM28	MED1	0.22
STRN	PKN2	0.22
MSH6	TPX2	0.22
TPR	PKN2	0.22
MSH6	PTPN12	0.22
GEMIN5	MYBBP1A	0.22
MSH6	HNRNPA1	0.22
MAP7D1	MYO9B	0.22
NES	BCAR1	0.22
PBK	RSL1D1	0.219
NOLC1	BCLAF1	0.219
NASP	RSL1D1	0.219
FEN1	STIL	0.219
MED1	CEP170	0.219
TMPO	PSIP1	0.219
INCENP	UBAP2L	0.219
CTNND1	RACGAP1	0.219
TRIM28	PPRC1	0.219
FOSL1	TTK	0.219
PDLIM1	LIMCH1	0.219
RBM17	BCLAF1	0.219
CREBBP	SCAF4	0.218
PTPN12	PIAS1	0.218
DDX5	CDCA8	0.218
BAZ1B	KIF20B	0.218
MPHOSPH8	DHX30	0.218
KMT2B	DDX3X	0.218
ARID5B	CUX1	0.218
CKAP4	VIM	0.218
E2F8	DNMT1	0.218
COIL	CDC27	0.218
TPX2	MAP4	0.218
HMMR	CDC27	0.218
CDCA8	BCAR1	0.218
RANBP2	FEN1	0.218
TEX10	MYBBP1A	0.218
MAP1B	ATXN2	0.218
RANBP2	HMMR	0.218
RANBP2	MPHOSPH8	0.218
SSRP1	TP53BP1	0.218
SEC16A	SAP130	0.217
BMS1	HSPH1	0.217
ANKLE2	TOR1AIP1	0.217
RPA1	FTSJ3	0.217
RAD18	UTP14A	0.217
RANBP2	TTK	0.217
DDX5	LEMD3	0.217
SAV1	SEC16A	0.217
SF3B1	EIF2B4	0.217
AHCTF1	ASPM	0.217
STIL	CTCF	0.217
CCDC137	HP1BP3	0.217
SKA3	FAM117B	0.216
PRRX1	NUMA1	0.216
THOC2	TRIM28	0.216
SAP130	AMBRA1	0.216
AHCTF1	NUSAP1	0.216
COIL	TPR	0.216
TRIM28	SMG1	0.216
INCENP	SYNRG	0.216
TUT1	SURF6	0.216
PPRC1	CCAR2	0.216
CDC5L	UBAP2L	0.216
TSC2	DNMT1	0.216
NUMA1	CTCF	0.216
NGDN	DCP1A	0.216
NASP	MPHOSPH8	0.216
SLC38A2	SLC26A6	0.216
CDC25A	FOSL1	0.216
MSH6	MED1	0.216
ABL2	VIM	0.216
CREBBP	PSIP1	0.216
CREBBP	RTF1	0.216
RANBP2	ATXN2L	0.216
ARHGEF17	MYO9B	0.216
RANBP2	SEC24A	0.216
VAC14	SLC26A6	0.216
MED1	SMG7	0.215
MPG	GTSE1	0.215
SAP130	SMG7	0.215
POLD3	DDX50	0.215
EIF2B4	RSL1D1	0.215
NUMA1	KIF18B	0.215
BAZ1B	HMGA1	0.215
NASP	SPTY2D1	0.215
CWF19L2	AMBRA1	0.215
FTSJ3	DHX30	0.215
PNN	PSIP1	0.215
COIL	FEN1	0.214
TSC2	NPM1	0.214
CASC3	CCAR2	0.214
PRRC2C	ADAR	0.214
PRRC2C	MAP7D1	0.214
USP1	MCMBP	0.214
SON	PBRM1	0.214
NUMA1	CCNL2	0.214
NPM1	RBM17	0.214
NES	CASP8AP2	0.214
NPM1	PRRC2C	0.214
AHNAK	CTNND1	0.214
TRIM28	KDM5A	0.214
LIG1	CENPF	0.214
TCOF1	PBRM1	0.214
TCOF1	DHX30	0.214
TRIM28	CDC25A	0.214
FTSJ3	HSPH1	0.214
COIL	UTP14A	0.213
RAD18	CDC5L	0.213
CDC27	HSPH1	0.213
MPHOSPH8	CHAMP1	0.213
ORC1	HAUS6	0.213
RRP1B	GULP1	0.213
THOC2	SLC38A2	0.213
NPM1	USP1	0.213
HNRNPA1	BMS1	0.213
MGA	PRRC2C	0.213
CENPJ	RACGAP1	0.213
VAC14	SCAF4	0.213
LEMD3	CCAR2	0.213
NCAPH	HCFC1	0.213
AHCTF1	SIPA1L1	0.213
RTF1	CD3EAP	0.213
WIZ	UHRF1	0.213
MAP4	DBNL	0.213
PPRC1	DNMT1	0.213
HYLS1	TOR1AIP1	0.213
RIPK4	SAP130	0.213
SORBS3	PTPN12	0.212
ZNF609	SYNRG	0.212
CASC3	ATXN2L	0.212
ATXN2L	DBNL	0.212
RB1	CENPF	0.212
CHAMP1	RFX7	0.212
MKI67	NR4A1	0.212
SSRP1	NUMA1	0.212
NUMA1	PBK	0.212
RANBP2	HAUS6	0.212
RPA1	INCENP	0.212
NCL	NUP214	0.212
UBAP2L	NSD1	0.212
TRIM28	PSIP1	0.212
TRIM28	HNRNPA1	0.212
KMT2B	AMBRA1	0.212
RANBP2	DEK	0.212
HNRNPA1	PRRC2C	0.212
NOP2	HP1BP3	0.211
RAD18	HMMR	0.211
SEC23IP	TEX10	0.211
KIF23	DEK	0.211
CDC5L	FTSJ3	0.211
EHD4	ARID5B	0.211
TSC2	CUX1	0.211
MED1	AMBRA1	0.211
CCDC137	UTP14A	0.211
DNTTIP2	EIF2B4	0.211
SLAIN2	PCYT1A	0.211
PNN	RTF1	0.211
THOC2	PSIP1	0.211
RIPK4	TCOF1	0.211
NPM1	AHCTF1	0.211
COIL	CD3EAP	0.211
TRPS1	CTCF	0.21
ASPM	VIM	0.21
RAD18	NEDD4L	0.21
DLGAP5	MAP7D1	0.21
TRIM28	DEK	0.21
THOC2	UTP14A	0.21
RAD18	STIL	0.21
SF3B1	MPHOSPH8	0.21
TACC3	PBRM1	0.21
TEX10	HP1BP3	0.21
ESPL1	CEP170	0.21
USP1	CDC27	0.21
NPM1	KDM5A	0.21
CREBBP	INCENP	0.21
NCAPG	SSRP1	0.209
LIG1	MPHOSPH8	0.209
TSC2	CDC27	0.209
CCDC137	ATXN2L	0.209
USP1	DDX50	0.209
FTSJ3	BCLAF1	0.209
CDC5L	ZC3H11A	0.209
TPR	TP53BP1	0.209
EXOSC10	SMG1	0.209
BAZ1B	LIMCH1	0.209
CEP170	TP53BP1	0.209
HCFC1	SAP130	0.209
MSH6	SUN1	0.209
TNRC6A	UBAP2L	0.209
SPAG9	MAP1B	0.209
TRPS1	SMG1	0.208
USP1	ASPM	0.208
NCL	DHX30	0.208
ZRANB2	DEK	0.208
POLD3	TEX10	0.208
ZFAND3	GPSM1	0.208
MSH6	HAUS6	0.208
PNN	NUMA1	0.208
PNN	TUT1	0.208
PRRC2A	GTSE1	0.208
ADAR	DHX30	0.208
DPF2	BAZ1B	0.208
THOC2	NPM1	0.208
SF3B1	PIAS1	0.208
TPR	UBAP2L	0.208
PRRX1	ATXN2	0.208
LMO7	MYO9B	0.208
MGA	DBNL	0.208
TEX10	BCLAF1	0.208
SLAIN2	BRCA1	0.207
RRP1B	SUN1	0.207
COIL	RTF1	0.207
RECQL	WIZ	0.207
CENPJ	PBK	0.207
ORC1	NUMA1	0.207
NOLC1	DHX30	0.207
ADD3	NEDD4L	0.207
KDM5A	WIZ	0.207
USP1	DNMT1	0.207
AHCTF1	TRPS1	0.207
RANBP2	ZNF318	0.207
RANBP2	PBK	0.207
LIG1	E2F7	0.207
NPM1	PRRC2A	0.207
OSBPL8	SEC23IP	0.206
MPHOSPH8	CTCF	0.206
NUMA1	UHRF1	0.206
RASAL2	PRRC2A	0.206
MAP4	EPN1	0.206
ESPL1	SYNRG	0.206
DPF2	CCAR2	0.206
NUMA1	FTSJ3	0.206
LIG1	DDX50	0.206
NPM1	CENPJ	0.206
STIL	NUMA1	0.206
TRIM28	NSD1	0.206
DDX5	CASC3	0.206
TUT1	NOP2	0.206
THOC2	PKN2	0.206
BAZ1B	TPR	0.206
MAP7D1	DBNL	0.206
RPA1	KIF20B	0.206
LMO7	DBNL	0.206
RAP1GAP2	SIPA1L1	0.206
NASP	RACGAP1	0.206
CWF19L2	CEP170	0.206
NCAPG	RB1	0.206
ORC1	PBRM1	0.206
SF3B1	PBRM1	0.206
DNMT1	SMG1	0.206
NES	NUSAP1	0.205
PRRC2A	DHX30	0.205
UTP14A	HP1BP3	0.205
CASC3	CTCF	0.205
MCMBP	TTK	0.205
ZBTB8A	CASP8AP2	0.205
MYBBP1A	INCENP	0.205
STRN	BCAR1	0.205
RANBP2	ANKLE2	0.205
PHLDA2	E2F7	0.205
FEN1	BAZ1B	0.205
SMG1	CLIP1	0.205
CRIPT	CENPJ	0.205
TPX2	CCNL2	0.205
TPX2	NOLC1	0.205
RASSF1	TPD52	0.205
RAP1GAP2	GRAMD1B	0.205
COIL	CWF19L2	0.205
AHNAK	CKAP4	0.205
COIL	SPTY2D1	0.205
TMPO	MCMBP	0.205
PBRM1	DDX3X	0.204
NES	CTNND1	0.204
CKAP4	SEC24A	0.204
SSRP1	BMS1	0.204
MED1	WIZ	0.204
STIL	HYLS1	0.204
KIF20B	GTSE1	0.204
GEMIN5	CDC25A	0.204
POLD3	DEK	0.204
NPM1	ADAR	0.204
ASPM	MAP7D1	0.204
CCAR2	BCLAF1	0.204
DDX5	HP1BP3	0.204
CDC25A	TCOF1	0.204
NCAPH	MCMBP	0.204
LIG1	CDC5L	0.204
NASP	RIPK4	0.204
NASP	ESPL1	0.204
CDCA8	UBAP2L	0.204
HNRNPA1	CCNL2	0.204
HNRNPA1	PSIP1	0.204
HCFC1	TP53BP1	0.204
GRAMD1B	SIPA1L1	0.204
CREBBP	TACC3	0.204
DDX50	UBAP2L	0.204
TSC2	SAV1	0.204
MAP1B	AHNAK	0.203
RACGAP1	CLIP1	0.203
POLD3	ANLN	0.203
TMPO	E2F7	0.203
HNRNPA1	SMG7	0.203
CDC25A	DEK	0.203
MPHOSPH8	HSPH1	0.203
HNRNPA1	NUMA1	0.203
ANLN	SYDE1	0.203
ARHGEF17	SAV1	0.203
MGA	CHAMP1	0.203
GULP1	ABL2	0.203
RANBP2	CCAR2	0.203
COIL	SSRP1	0.203
RAD18	DEPDC1	0.203
ANLN	ADD3	0.203
RB1	MKI67	0.203
NCAPG	GATAD2A	0.203
KIF23	PIAS1	0.203
THOC2	NCL	0.203
CDCA8	FTSJ3	0.202
NPM1	SKA3	0.202
SLC38A2	KIF20B	0.202
CDC27	WIZ	0.202
RAD18	RANBP2	0.202
AHCTF1	CDC5L	0.202
MPHOSPH8	NOP2	0.202
TPR	DEK	0.202
STK17A	TOB2	0.202
NCAPH	USP1	0.202
NASP	HCFC1	0.202
NASP	SF3B1	0.202
COIL	MED1	0.202
RB1	NUMA1	0.202
PBRM1	HMGA1	0.202
MYBBP1A	STAU2	0.202
RRP1B	FAM117B	0.202
NASP	PSIP1	0.202
CWF19L2	RSL1D1	0.202
INCENP	TOR1AIP1	0.202
CDC25B	STIL	0.202
ASXL2	BRCA1	0.202
SEC16A	CENPJ	0.202
NUP214	CLIP1	0.202
NOLC1	DDX3X	0.201
UBASH3B	INCENP	0.201
SSRP1	NUP214	0.201
SSRP1	SAP130	0.201
NES	AHNAK	0.201
TP53BP1	RTF1	0.201
NCL	EIF2B4	0.201
ADAR	UBAP2L	0.201
CKAP4	SUN1	0.201
STRN	LEMD3	0.201
ARHGEF17	RACGAP1	0.201
PTPN12	CDC25A	0.201
DDX5	EIF2B4	0.201
PDCL3	DDX3X	0.201
DDX5	LIG1	0.201
BRCA1	DDX3X	0.201
LMO7	CTNND1	0.201
AHNAK	AKAP12	0.201
SORBS3	SYDE1	0.201
LASP1	MAP7D1	0.201
RIPK4	BCLAF1	0.201
SAP130	MYBBP1A	0.2
NUP214	TP53BP1	0.2
LEMD3	DDX3X	0.2
POLD3	TACC3	0.2
TUT1	TNRC6A	0.2
MPHOSPH8	TCOF1	0.2
NOLC1	DBNL	0.2
HMGA1	CHAMP1	0.2
MAP7D1	ESYT2	0.2
GEMIN5	DCP1A	0.2
RIPK4	NSD1	0.2
PYGB	CDCA8	0.2
DDX50	ATXN2	0.2
ADAR	PIAS1	0.2
NCL	NGDN	0.2
SSRP1	FTSJ3	0.2
TRIM28	BCLAF1	0.2
RTF1	BCLAF1	0.2
NPM1	EIF2B4	0.2
SECISBP2L	CLIP1	0.2
LASP1	TRPS1	0.2
ZRANB2	DDX50	0.2
HCFC1	CDC5L	0.199
CCNL2	UHRF1	0.199
ZNF318	DDX3X	0.199
LEMD3	INCENP	0.199
EXOSC10	TNRC6A	0.199
MAP4	HYLS1	0.199
CASP8AP2	NUSAP1	0.199
SPAG9	SECISBP2L	0.199
MSH6	KDM5A	0.199
CASC3	NPM1	0.199
AHCTF1	HMGA1	0.199
TSC2	RASSF1	0.199
DHX30	STAU2	0.199
TTK	VIM	0.199
RRP1B	HAUS6	0.199
POLD3	UHRF1	0.199
PYGB	VIM	0.199
AHCTF1	FTSJ3	0.199
BAZ1B	PRRC2C	0.199
CENPF	PSIP1	0.199
LASP1	BRCA1	0.199
SEC16A	CUX1	0.199
CDC25B	HMMR	0.199
CREBBP	SF3B1	0.199
GEMIN5	HAUS6	0.199
RTF1	ATXN2L	0.199
CDCA8	CTCF	0.199
SSRP1	CDC25A	0.199
ZFAND3	CTCF	0.198
FEN1	PIAS1	0.198
PPFIBP1	PRRC2C	0.198
NCAPH	RAD18	0.198
CTCF	CHAMP1	0.198
NPM1	STAU2	0.198
NASP	GATAD2A	0.198
ZNF609	GATAD2A	0.198
STRN	ESYT2	0.198
STRN	AHNAK	0.198
NSD1	PIAS1	0.198
SMG7	SECISBP2L	0.198
SCAF4	AMBRA1	0.198
OSBPL8	PKN2	0.198
MAP4	UBAP2L	0.198
MYBBP1A	EIF2B4	0.198
KIF20B	HYLS1	0.198
HCFC1	KIF20B	0.198
TRIM28	GEMIN5	0.198
DNMT1	ORC1	0.198
HNRNPA1	NSD1	0.198
MPHOSPH8	DNTTIP2	0.198
DDX5	TCOF1	0.198
DDX5	PRRC2A	0.198
GATAD2A	HJURP	0.197
DDX50	RTF1	0.197
KMT2B	MYO9B	0.197
CUX1	TP53BP1	0.197
HP1BP3	TOR1AIP1	0.197
MSH6	NCAPG	0.197
MPHOSPH8	ESYT2	0.197
TSC2	DDX3X	0.197
SCAF4	PBRM1	0.197
POM121	DDX3X	0.197
CDC25A	RASSF1	0.197
TRPS1	PBRM1	0.197
ZFAND3	SECISBP2L	0.197
NES	TP53BP1	0.197
CREBBP	RANBP2	0.197
ZNF318	NOLC1	0.197
GEMIN5	TPX2	0.197
NCAPH	PRRC2C	0.197
DNMT1	INCENP	0.197
NOP2	UHRF1	0.197
SEC24A	ATXN2	0.197
KMT2B	UHRF1	0.197
CDCA8	KMT2B	0.196
MAP1B	HNRNPA1	0.196
NEDD4L	BCAR1	0.196
CCNL2	DDX3X	0.196
RIPK4	AHNAK	0.196
RRP1B	INCENP	0.196
POLD3	MED1	0.196
DDX5	RTF1	0.196
PSIP1	DDX3X	0.196
HP1BP3	DDX3X	0.196
PRRC2C	SYNRG	0.196
CENPJ	TP53BP1	0.196
MCMBP	HAUS6	0.196
LASP1	BCAR1	0.196
TRPS1	FTSJ3	0.196
SAV1	NEDD4L	0.196
CDC25B	HJURP	0.195
TSC2	PRRC2A	0.195
CDC25B	CREBBP	0.195
CREBBP	CTNND1	0.195
COIL	AHCTF1	0.195
SPTY2D1	ABL2	0.195
DLGAP5	DEK	0.195
MSH6	ANLN	0.195
GULP1	SH3BP4	0.195
RRP1B	DBNL	0.195
LIG1	AHCTF1	0.195
KIF15	DNMT1	0.195
MAP7D1	UBAP2L	0.195
PSIP1	VIM	0.195
KIF15	CDC5L	0.195
FEN1	RRP1B	0.195
GEMIN5	DDX50	0.195
USP1	RACGAP1	0.195
ADAR	ZRANB2	0.195
NPM1	INCENP	0.195
NOP2	BRCA1	0.195
INCENP	CHAMP1	0.195
NASP	HP1BP3	0.195
NASP	PKN2	0.195
MAP4	PDLIM1	0.195
PPP1R13B	SAV1	0.195
TMPO	UBAP2L	0.194
SAP130	MPHOSPH8	0.194
ATXN2L	TNRC6A	0.194
TFAP4	EHD4	0.194
ADAR	ZC3H11A	0.194
ASPM	NSD1	0.194
POLD3	MKI67	0.194
TPR	CTCF	0.194
DDX50	BCLAF1	0.194
DDX50	BAZ1A	0.194
RPA1	CKAP4	0.194
POLD3	AHCTF1	0.194
HMMR	LIMCH1	0.194
MAP4	VIM	0.194
TTK	CKAP4	0.194
DNTTIP2	DDX3X	0.194
RANBP2	UBAP2L	0.194
MPHOSPH8	TP53BP1	0.194
CKAP4	NUMA1	0.194
RAD18	NUSAP1	0.194
HNRNPA1	ZNF318	0.194
NCL	DNTTIP2	0.194
E2F8	HAUS6	0.194
SON	RTF1	0.194
NGDN	RBM17	0.194
HMGA1	BRCA1	0.194
UTP14A	GATAD2A	0.194
SLAIN2	ASXL2	0.194
SLAIN2	KIF18B	0.194
COIL	FTSJ3	0.194
MAP7D1	NOLC1	0.193
POLD3	UBAP2L	0.193
THOC2	LEMD3	0.193
TRIM28	NOP2	0.193
FOSL1	DNMBP	0.193
SMG1	ATXN2	0.193
DLGAP5	CLIP1	0.193
SSRP1	PRRC2A	0.193
E2F7	TRPS1	0.193
SSRP1	USP1	0.193
NUMA1	VIM	0.193
SLC38A2	LEMD3	0.193
BAZ1A	TRPS1	0.193
SON	MPHOSPH8	0.193
EXOSC10	HP1BP3	0.193
FEN1	SMG1	0.193
COIL	KIF15	0.193
NCAPG	LEMD3	0.193
GATAD2A	CHAMP1	0.193
PDCL3	SEC23IP	0.193
SON	KMT2B	0.193
BCAR1	SYNRG	0.193
BMS1	BAZ1A	0.193
NSD1	AMBRA1	0.193
SLAIN2	PKN2	0.193
SLAIN2	ZFAND3	0.193
MSH6	NOP2	0.193
HP1BP3	DEK	0.193
RB1	NCL	0.193
CREBBP	TPR	0.193
ARHGAP11A	SMG1	0.193
NCAPG	RRP1B	0.193
PPRC1	SCAF4	0.193
ZNF318	CTCF	0.192
NCL	CCNL2	0.192
NPM1	BCLAF1	0.192
NPM1	CD3EAP	0.192
COIL	INCENP	0.192
CWF19L2	SCAF4	0.192
CCAR2	AHCTF1	0.192
CDC27	CLIP1	0.192
LIG1	POM121	0.192
PPP1R14C	AKAP12	0.192
NUP214	SMG7	0.192
TDRKH	TNRC6A	0.192
TRIM28	NOLC1	0.192
SLAIN2	MAP4	0.192
MYBBP1A	DNTTIP2	0.192
DDX50	DEK	0.192
MSH6	RACGAP1	0.192
DPF2	EIF2B4	0.192
DDX5	FEN1	0.192
ARID5B	MYBBP1A	0.192
FOSL1	CENPF	0.191
PDLIM1	HP1BP3	0.191
ZFAND3	ZC3H11A	0.191
HCFC1	MYBBP1A	0.191
DHX30	CD3EAP	0.191
TFAP4	ZFAND3	0.191
SPTY2D1	CWC25	0.191
CDCA8	NSD1	0.191
DPF2	NUP214	0.191
TRPS1	NSD1	0.191
E2F7	CTCF	0.191
E2F7	TACC3	0.191
CKAP4	CLIP1	0.191
GEMIN5	CDC5L	0.191
CDC25B	DHX30	0.191
NES	BRCA1	0.191
LASP1	NUSAP1	0.191
NES	PBRM1	0.19
TMPO	DNMT1	0.19
ADAR	RBM17	0.19
ASPM	BAZ1A	0.19
ASPM	NES	0.19
MKI67	ZC3H11A	0.19
SSRP1	LMO7	0.19
TTK	NOLC1	0.19
MAP1B	NEDD4L	0.19
AHCTF1	SEC23IP	0.19
MED1	SEC23IP	0.19
NUP214	BCLAF1	0.19
SON	ADAR	0.19
STRN	RASAL2	0.19
HMGA1	CDC27	0.19
HNRNPA1	MYBBP1A	0.19
HMGA1	HP1BP3	0.19
CDC25B	PTPN12	0.19
MAP4	AKAP12	0.19
RRP1B	ORC1	0.19
RIPK4	BCAR1	0.19
RAD18	ASPM	0.19
MED1	HNRNPA1	0.19
MSH6	GEMIN5	0.19
CREBBP	BAZ1A	0.19
ANLN	MAP4	0.19
NASP	HAUS6	0.19
MPHOSPH8	PSIP1	0.19
PRRC2A	SECISBP2L	0.19
SEC16A	DHX30	0.189
BAZ1B	FTSJ3	0.189
SLC38A2	OSBPL8	0.189
KIF20B	RSL1D1	0.189
PRRX1	DEK	0.189
SAP130	ATXN2L	0.189
CENPJ	CLIP1	0.189
MKI67	HMGA1	0.189
ADD3	SH3BP4	0.189
PRRC2A	NUMA1	0.189
SEC16A	TNRC6A	0.189
TRAM1	PKN2	0.189
RPA1	UHRF1	0.189
NES	NUMA1	0.189
POLD3	CDC25A	0.189
SEC23IP	PKN2	0.189
DPF2	UBAP2L	0.189
VIM	NUSAP1	0.189
LIG1	HJURP	0.189
PPRC1	PBK	0.189
MSH6	CENPJ	0.189
MGA	SCAF4	0.189
MSH6	NUMA1	0.189
PNN	NOP2	0.188
CREBBP	ASPM	0.188
MGA	COIL	0.188
SMG7	ATXN2	0.188
BAZ1B	DHX30	0.188
USP1	MKI67	0.188
RACGAP1	MYO9B	0.188
NASP	CDC27	0.188
ADAR	DCP1A	0.188
TEX10	DHX30	0.188
TRIM28	UBAP2L	0.188
NCL	CCDC137	0.188
AHCTF1	ZC3H11A	0.188
PRRX1	DNMT1	0.188
RB1	TTK	0.188
DNMBP	UTP14A	0.188
ARHGAP11A	MYO9B	0.188
SSRP1	CENPF	0.188
THOC2	MPHOSPH8	0.188
RANBP2	RRP1B	0.188
HCFC1	ZNF609	0.188
ZFAND3	MAP1B	0.188
CUX1	VIM	0.188
NUMA1	STAU2	0.188
BRCA1	WIZ	0.188
CDCA8	NOP2	0.188
LIG1	STIL	0.187
RAD18	PBRM1	0.187
TPX2	ZNF318	0.187
RIPK4	AMBRA1	0.187
DPF2	ZBTB8A	0.187
MAP7D1	TEX10	0.187
RANBP2	CDC27	0.187
KMT2B	BRCA1	0.187
NPM1	NGDN	0.187
POM121	ATXN2L	0.187
CREBBP	TCOF1	0.187
CUX1	NSD1	0.187
CDC5L	EIF2B4	0.187
NUMA1	SYNRG	0.187
HCFC1	AMBRA1	0.187
EXOSC10	ESYT2	0.187
TCOF1	SIPA1L1	0.187
KIF23	AHCTF1	0.187
MPHOSPH8	SLC26A6	0.187
SPAG9	CTCF	0.187
ARID5B	DNMT1	0.187
SUN1	UBAP2L	0.187
ARID5B	GEMIN5	0.187
RPA1	NOP2	0.187
DDX5	TRAM1	0.187
NES	CDC27	0.187
CREBBP	ADAR	0.187
ANLN	CDC27	0.187
NPM1	E2F7	0.187
LIG1	CDC27	0.187
DHX30	HSPH1	0.187
TMPO	MPHOSPH8	0.187
MGA	PRRC2A	0.187
PRRC2C	SEC23IP	0.187
SCAF4	FEN1	0.187
STRN	SIPA1L1	0.187
DHX30	EPN1	0.187
MSH6	KIF20B	0.187
ORC1	TP53BP1	0.187
EPN1	DBNL	0.187
TSC2	CDC25A	0.187
CASC3	SON	0.187
POLD3	MPHOSPH8	0.186
INCENP	NOLC1	0.186
RPA1	TMPO	0.186
PNN	CHAMP1	0.186
PTPN12	CCAR2	0.186
RAD18	RTF1	0.186
CDC25A	CUX1	0.186
NES	HMMR	0.186
COIL	ESPL1	0.186
PIAS1	MYO9B	0.186
TPR	PIAS1	0.186
POM121	AMBRA1	0.186
NPM1	MYO9B	0.186
HCFC1	SEC16A	0.186
TTK	DEK	0.186
NCAPG	USP1	0.186
CDC5L	NUMA1	0.186
RAD18	MAP4	0.186
RPA1	RB1	0.186
SKA3	USP1	0.186
GATAD2A	CDC27	0.186
SEC23IP	SYNRG	0.186
ABI1	BCLAF1	0.186
NUP214	SMG1	0.186
RB1	HCFC1	0.186
GEMIN5	TCOF1	0.186
FEN1	NOP2	0.186
DDX50	RBM17	0.186
RANBP2	TP53BP1	0.186
PHC2	ZFAND3	0.186
RIPK4	SON	0.186
RIPK4	SMG1	0.186
NOP2	HMGA1	0.186
LEMD3	RBM17	0.186
E2F7	TP53BP1	0.185
MED1	TCOF1	0.185
CENPF	CDC27	0.185
RACGAP1	TOR1AIP1	0.185
HP1BP3	PIAS1	0.185
KIF23	DNMBP	0.185
FEN1	STK17A	0.185
ADD3	NUMA1	0.185
BAZ1B	PRRC2A	0.185
AHNAK	NSD1	0.185
NCAPG	CCAR2	0.185
NCAPG	CCNL2	0.185
NPM1	CDC27	0.185
SEC23IP	CDC5L	0.185
SF3B1	SEC24A	0.184
MAP1B	CCNL2	0.184
RB1	FOSL1	0.184
MGA	RANBP2	0.184
COIL	SUN1	0.184
BAZ1B	WIZ	0.184
TDRKH	GATAD2A	0.184
RPA1	MYBBP1A	0.184
NASP	CDC5L	0.184
DLGAP5	RRP1B	0.184
RANBP2	SPTY2D1	0.184
CENPF	RECQL	0.184
RIPK4	HSPH1	0.184
THOC2	BAZ1B	0.184
CREBBP	CDC5L	0.184
NASP	STIL	0.184
RANBP2	ASPM	0.184
COIL	SF3B1	0.184
PIAS1	DCP1A	0.184
MGA	TRIM28	0.184
LEMD3	PKN2	0.184
SCAF4	BMS1	0.184
TEX10	NOP2	0.184
CASC3	DDX3X	0.184
CDC25B	KIF15	0.184
RAD18	ORC1	0.184
SLC38A2	TPR	0.184
SYDE1	BCAR1	0.184
AKAP12	VIM	0.184
MPHOSPH8	KIF20B	0.183
RIPK4	CASP8AP2	0.183
MED1	BAZ1B	0.183
DDX50	STAU2	0.183
RB1	PBK	0.183
ARHGEF17	NSD1	0.183
CCAR2	TCOF1	0.183
NUP214	SYNRG	0.183
TP53BP1	INCENP	0.183
NUMA1	UTP14A	0.183
OSBPL8	CKAP4	0.183
MSH6	ARID5B	0.183
COIL	SURF6	0.183
HAUS6	CASP8AP2	0.183
MAP1B	SMG7	0.183
RTF1	KMT2B	0.183
NOLC1	PBK	0.183
PBRM1	SYNRG	0.183
COIL	NGDN	0.183
DDX5	CDC27	0.183
TSC2	CLIP1	0.183
DPF2	SCAF4	0.183
ADAR	CCNL2	0.183
TACC3	MYO9B	0.182
TACC3	ADAR	0.182
SPTY2D1	SAP130	0.182
NUMA1	CTNND1	0.182
ZNF318	SMG1	0.182
MCMBP	DHX30	0.182
MCMBP	NOP2	0.182
CDC27	DDX3X	0.182
CREBBP	CLIP1	0.182
RIPK4	INCENP	0.182
TPX2	HNRNPA1	0.182
SSRP1	RACGAP1	0.182
RB1	KIF20B	0.182
PTPN12	CENPJ	0.182
GATAD2A	SYNRG	0.182
SUN1	EIF2B4	0.182
NASP	UBAP2L	0.182
MED1	DNMT1	0.182
PRRC2A	BAZ1A	0.182
PPP1R13B	NOSIP	0.182
EXOSC10	BCAR1	0.181
ASXL2	ATXN2	0.181
NOLC1	EIF2B4	0.181
CCNL2	PBK	0.181
TUT1	AMBRA1	0.181
DNMT1	HJURP	0.181
RANBP2	RACGAP1	0.181
RB1	BAZ1A	0.181
TRIM28	TTK	0.181
SEC16A	AHCTF1	0.181
LEMD3	SPTY2D1	0.181
DNMT1	TTK	0.181
ARID5B	ASXL2	0.181
MSH6	PPRC1	0.181
HNRNPA1	ZC3H11A	0.181
C5orf30	TP53BP1	0.181
STRN	CCAR2	0.181
SMG9	ZNF609	0.181
PNN	PRRC2C	0.181
NUP214	DCP1A	0.181
PNN	DDX50	0.181
SCAF4	HP1BP3	0.181
SLC38A2	PHLDA2	0.181
CDC25B	TRIM28	0.181
PKN2	NEDD4L	0.18
RPA1	SON	0.18
BAZ1B	UBAP2L	0.18
NCAPH	BAZ1B	0.18
GATAD2A	DHX30	0.18
PRRC2C	DDX50	0.18
COIL	BCLAF1	0.18
CENPJ	NUSAP1	0.18
NASP	BCLAF1	0.18
ZNF318	DDX50	0.18
SMG9	SH3BP4	0.18
SMG9	EIF2B4	0.18
RRP1B	EIF2B4	0.18
MED1	NES	0.18
DLGAP5	RB1	0.18
RB1	HNRNPA1	0.18
RTF1	SMG7	0.18
E2F8	INCENP	0.18
LIG1	ANLN	0.18
UBAP2L	HSPH1	0.18
BRCA1	AMBRA1	0.18
PPP1R13B	PNN	0.18
ZFAND3	PRRC2A	0.179
ORC1	NOLC1	0.179
MED1	RTF1	0.179
SORBS3	DBNL	0.179
BRCA1	RSL1D1	0.179
MSH6	CCNL2	0.179
MYBBP1A	ESYT2	0.179
PPP1R14C	PDLIM1	0.179
LIG1	RTF1	0.179
MSH6	PDCL3	0.179
UTP14A	CDC27	0.179
DDX5	VIM	0.179
PKN2	ZC3H11A	0.179
EHD4	SYNRG	0.179
OSBPL8	BCLAF1	0.179
NPM1	RACGAP1	0.179
KIF23	FOSL1	0.179
CDC27	NUSAP1	0.179
SF3B1	EXOSC10	0.179
RACGAP1	DEK	0.179
COIL	BAZ1B	0.179
RANBP2	CENPJ	0.179
SEC23IP	ASXL2	0.179
TMPO	SKA3	0.179
ASPM	ASXL2	0.179
STK17A	TRPS1	0.179
PRRC2C	ATXN2	0.179
SSRP1	ORC1	0.179
HNRNPA1	FTSJ3	0.179
ADD3	ABI1	0.179
SSRP1	DDX50	0.179
TPR	CLIP1	0.179
PPP1R13B	CENPF	0.179
COIL	PIAS1	0.179
HAUS6	HMMR	0.178
ANLN	DEK	0.178
FEN1	CENPJ	0.178
MCMBP	BRCA1	0.178
CDC25B	SMG1	0.178
CDCA8	BMS1	0.178
MICALL1	NCL	0.178
DDX5	MSH6	0.178
MSH6	PRRC2C	0.178
MAP7D1	GATAD2A	0.178
RB1	MED1	0.178
NASP	SPAG9	0.178
MPHOSPH8	RTF1	0.178
MSH6	HCFC1	0.178
PRRX1	FOSL1	0.178
PNN	NCL	0.178
RAD18	CDCA8	0.178
PHLDA2	LIMCH1	0.178
RPA1	TACC3	0.178
ZFAND3	EPN1	0.178
RANBP2	AHNAK	0.178
KIF23	CLIP1	0.178
LEMD3	E2F7	0.178
THOC2	MYBBP1A	0.178
E2F8	LIG1	0.177
ZNF318	KMT2B	0.177
SON	NOLC1	0.177
NSD1	BCLAF1	0.177
CREBBP	ZNF318	0.177
SON	POM121	0.177
OSBPL8	RFX7	0.177
CDC5L	RSL1D1	0.177
NCAPG	DEK	0.177
CCNL2	RACGAP1	0.177
HNRNPA1	TCOF1	0.177
MSH6	SYNRG	0.177
ORC1	MYBBP1A	0.177
TRPS1	UBAP2L	0.177
FEN1	HCFC1	0.177
PNN	CTCF	0.177
MPHOSPH8	SYNRG	0.177
SCAF4	DDX50	0.177
CDC27	CD3EAP	0.177
SCAF4	ZC3H11A	0.177
CWF19L2	STAU2	0.177
SSRP1	MYBBP1A	0.177
POLD3	CDC5L	0.177
PKN2	BCAR1	0.177
TPX2	FTSJ3	0.177
TMEM131	STAU2	0.177
TMEM131	GRAMD1B	0.177
C1orf131	NOLC1	0.177
PPRC1	GATAD2A	0.177
RB1	NUSAP1	0.177
RPA1	NUSAP1	0.176
MSH6	FTSJ3	0.176
PNN	RANBP2	0.176
CTNND1	CLIP1	0.176
CEP170	INCENP	0.176
PSIP1	BCLAF1	0.176
TPX2	RIPK4	0.176
KIF20B	ABL2	0.176
RPA1	HMGA1	0.176
KIF23	MAP7D1	0.176
FOSL1	PBK	0.176
FOSL1	RIPK4	0.176
MPHOSPH8	ORC1	0.176
SON	DNTTIP2	0.176
TRIM28	KMT2B	0.176
CREBBP	AMBRA1	0.176
CENPF	BAZ1A	0.176
AHNAK	DDX3X	0.176
NCAPG	CREBBP	0.176
SSRP1	HMGA1	0.176
ZNF609	MYO9B	0.176
DDX5	KMT2B	0.176
CD3EAP	SYNRG	0.176
CDC25B	NPM1	0.176
GATAD2A	CD3EAP	0.176
TACC3	MYBBP1A	0.176
NASP	INCENP	0.176
LIG1	SKA3	0.176
SPAG9	PBK	0.176
GEMIN5	SEC23IP	0.176
DPF2	FEN1	0.176
SUN1	SMG7	0.176
BAZ1B	TEX10	0.175
TMPO	PBRM1	0.175
NR4A1	SECISBP2L	0.175
DNMBP	LIMCH1	0.175
RPA1	SMG7	0.175
COIL	TNRC6A	0.175
CENPJ	CCNL2	0.175
SAP130	NUP214	0.175
USP1	TOR1AIP1	0.175
KIF23	RB1	0.175
PPRC1	CD3EAP	0.175
TRIM28	VIM	0.175
ZFAND3	BCAR1	0.175
MSH6	NUSAP1	0.175
STRN	PCYT1A	0.175
PBRM1	UHRF1	0.175
MPHOSPH8	CENPJ	0.175
PTPN12	PPP1R14C	0.175
DNMT1	DDX3X	0.175
RBM17	CHAMP1	0.175
CUX1	ASXL2	0.175
SYDE1	SH3BP4	0.175
CUX1	BRCA1	0.175
RAD18	MKI67	0.175
RAD18	INCENP	0.175
ARHGEF17	ABI1	0.175
SF3B1	HP1BP3	0.175
TSC2	SIPA1L1	0.175
CDC25A	NCL	0.175
PRRC2C	HP1BP3	0.174
RBM17	DCP1A	0.174
TFAP4	CUX1	0.174
TMPO	RECQL	0.174
NCAPG	SLAIN2	0.174
CDC25B	FEN1	0.174
RANBP2	DHX30	0.174
GEMIN5	CHAMP1	0.174
SKA3	CLIP1	0.174
PNN	EXOSC10	0.174
TRIM28	CEP170	0.174
CDCA8	SLC26A6	0.174
SUN1	AMBRA1	0.174
HNRNPA1	VIM	0.174
THOC2	BRCA1	0.174
RANBP2	AMBRA1	0.174
BAZ1B	SURF6	0.174
BAZ1B	NOLC1	0.174
BMS1	ZC3H11A	0.174
CDC5L	BAZ1A	0.174
PDCL3	FEN1	0.174
SCAF4	HCFC1	0.174
CEP170	HMMR	0.174
SLAIN2	SEC16A	0.174
SEC24A	UBAP2L	0.174
NUP214	ZNF318	0.174
SEC24A	GPSM1	0.174
ESPL1	HAUS6	0.174
MAP4	DDX3X	0.174
FOSL1	CDCA8	0.174
MAP4	INCENP	0.174
LIG1	NCL	0.174
KIF20B	NSD1	0.174
CDC27	DEK	0.174
CREBBP	MKI67	0.174
MPHOSPH8	SMG1	0.174
CUX1	GATAD2A	0.174
CEP170	HP1BP3	0.174
STIL	ABL2	0.174
CDC5L	KIF20B	0.174
ABI1	CASP8AP2	0.174
FEN1	HAUS6	0.173
CDC5L	CDCA8	0.173
MSH6	RSL1D1	0.173
BMS1	UHRF1	0.173
MAP7D1	PRRC2A	0.173
CDC25B	E2F7	0.173
MED1	DNTTIP2	0.173
NSD1	HMGA1	0.173
FEN1	SMG7	0.173
E2F8	ARID5B	0.173
ATXN2L	SEC24A	0.173
ADAR	DDX50	0.173
DDX5	DBNL	0.173
DDX5	ZC3H11A	0.173
FTSJ3	RACGAP1	0.173
MPHOSPH8	UTP14A	0.173
LIG1	GTSE1	0.173
CREBBP	TTK	0.173
ADD3	MAP7D1	0.173
ESPL1	HNRNPA1	0.173
FOSL1	HMGA1	0.173
SON	CWC25	0.173
CEP170	AKAP12	0.173
ABI1	CTNND1	0.173
NEDD4L	BRCA1	0.173
HNRNPA1	MKI67	0.173
ASPM	CDC27	0.173
SAV1	TNRC6A	0.173
NASP	DEPDC1	0.173
BAZ1B	CDC5L	0.173
HCFC1	CCAR2	0.173
NUP214	EXOSC10	0.173
NPM1	ORC1	0.173
TACC3	HP1BP3	0.172
ABI1	NSD1	0.172
TMPO	GRAMD1B	0.172
GATAD2A	MYO9B	0.172
SUN1	DHX30	0.172
ZNF609	CUX1	0.172
MED1	MAP7D1	0.172
SF3B1	DCP1A	0.172
SF3B1	AHCTF1	0.172
RANBP2	PKN2	0.172
NCAPG	PKN2	0.172
SMG9	NSD1	0.172
CREBBP	NUSAP1	0.172
CASC3	UTP14A	0.172
TMPO	POM121	0.172
GEMIN5	AMBRA1	0.172
HCFC1	SON	0.172
RPA1	UBAP2L	0.172
GEMIN5	EXOSC10	0.172
CREBBP	POLD3	0.172
NUMA1	SECISBP2L	0.172
MKI67	TP53BP1	0.172
ORC1	AHNAK	0.172
SPTY2D1	CTCF	0.172
KIF20B	CTCF	0.172
VIM	MYO9B	0.172
TPR	TCOF1	0.172
PRRC2C	SEC24A	0.172
STIL	SMG7	0.172
COIL	ORC1	0.172
COIL	RIPK4	0.172
EPN1	WIZ	0.172
SMG7	SYNRG	0.172
AHCTF1	TOR1AIP1	0.172
DNMT1	KIF20B	0.172
CDC25B	PIAS1	0.172
PTPN12	NPM1	0.172
ZRANB2	ATXN2	0.172
RPA1	PBRM1	0.171
NUMA1	HMGA1	0.171
FEN1	CCAR2	0.171
RAD18	NCL	0.171
CWF19L2	RTF1	0.171
RPA1	SF3B1	0.171
CENPF	KMT2B	0.171
CDC25B	E2F8	0.171
PYGB	ESYT2	0.171
DNTTIP2	CDC27	0.171
AHNAK	BCLAF1	0.171
THOC2	ZNF318	0.171
THOC2	MED1	0.171
PNN	MPHOSPH8	0.171
ANLN	NR4A1	0.171
CCNL2	SUN1	0.171
PBK	CDC27	0.171
VAC14	EPN1	0.171
MED1	SPTY2D1	0.171
NASP	MCMBP	0.171
SON	CDC27	0.171
MSH6	VIM	0.171
DHX30	DCP1A	0.171
DPF2	TCOF1	0.171
SLC38A2	SF3B1	0.171
RIPK4	DNMT1	0.171
CEP170	CLIP1	0.171
TSC2	SEC24A	0.171
TACC3	BCAR1	0.171
DNMT1	ASXL2	0.171
MSH6	RBM17	0.171
ZNF318	NSD1	0.171
DDX50	PIAS1	0.171
SSRP1	KIF18B	0.171
RTF1	NSD1	0.171
DDX5	RB1	0.171
SSRP1	CCNL2	0.171
ZBTB8A	BCLAF1	0.171
RRP1B	ATXN2L	0.171
CEP170	KIF18B	0.171
PKN2	PIAS1	0.171
SSRP1	HSPH1	0.171
NPM1	KIF20B	0.17
ASPM	SYNRG	0.17
SEC23IP	NOLC1	0.17
RB1	CEP170	0.17
LIG1	CCNL2	0.17
KIF20B	NOLC1	0.17
MAP4	HAUS6	0.17
CUX1	LMO7	0.17
DDX5	HSPH1	0.17
NASP	PRRC2C	0.17
BAZ1A	RECQL	0.17
MGA	THOC2	0.17
TTK	FTSJ3	0.17
LASP1	DBNL	0.17
PBRM1	UBAP2L	0.17
DNMT1	CDC27	0.17
DPF2	NOSIP	0.17
MKI67	AHNAK	0.17
ARHGEF17	CTNND1	0.17
SSRP1	RECQL	0.17
SCAF4	POM121	0.17
UBAP2L	CTCF	0.17
DDX5	SMG7	0.17
RASAL2	SIPA1L1	0.17
NUP214	ORC1	0.17
HNRNPA1	HP1BP3	0.17
CASC3	RTF1	0.169
E2F8	CTCF	0.169
CREBBP	NES	0.169
NASP	CTCF	0.169
RTF1	SUN1	0.169
COIL	GATAD2A	0.169
NASP	NEDD4L	0.169
RB1	AHCTF1	0.169
COIL	ASXL2	0.169
SMG9	GATAD2A	0.169
E2F7	AHCTF1	0.169
HMMR	UBAP2L	0.169
RPA1	BAZ1A	0.169
TPX2	USP1	0.169
SCAF4	KMT2B	0.169
SLC38A2	SMG1	0.169
HMMR	TPD52	0.169
USP1	PBK	0.169
NSD1	SMG7	0.169
NOSIP	EIF2B4	0.169
KIF15	SPTY2D1	0.169
RB1	RACGAP1	0.169
SPTY2D1	UBAP2L	0.169
SEC23IP	HAUS6	0.169
VAC14	POM121	0.169
RPA1	RACGAP1	0.169
NCL	VIM	0.169
SF3B1	NES	0.169
PPFIBP1	ZC3H11A	0.169
BCLAF1	PIAS1	0.168
EXOSC10	RBM17	0.168
PNN	SKA3	0.168
GEMIN5	ADAR	0.168
CTNND1	SIPA1L1	0.168
CENPF	SUN1	0.168
DNMT1	PIAS1	0.168
CUX1	BCLAF1	0.168
ZNF318	AHNAK	0.168
ABL2	MYO9B	0.168
SF3B1	BCAR1	0.168
SPTY2D1	INCENP	0.168
POLD3	ZNF318	0.168
PPP1R13B	DNMT1	0.168
SSRP1	NUSAP1	0.168
CDC25A	NOLC1	0.168
FEN1	RTF1	0.168
SEC23IP	GATAD2A	0.168
SURF6	STAU2	0.168
TEX10	NOLC1	0.168
VAC14	TP53BP1	0.168
RANBP2	PRRC2C	0.168
NCL	STAU2	0.168
PRRC2A	SEC24A	0.168
PRRC2C	ANKLE2	0.168
LIG1	HMMR	0.168
MICALL1	HNRNPA1	0.168
NASP	SMG1	0.168
TCOF1	ATXN2L	0.168
ZFAND3	RFX7	0.167
FEN1	SON	0.167
TSC2	DHX30	0.167
CREBBP	RASSF1	0.167
ZNF318	AMBRA1	0.167
MAP4	PPP1R14C	0.167
SEC24A	GTSE1	0.167
CTNND1	BRCA1	0.167
MSH6	BMS1	0.167
TMPO	ESYT2	0.167
MAP1B	NGDN	0.167
MGA	CASP8AP2	0.167
RTF1	SMG1	0.167
SSRP1	TACC3	0.167
RBM17	DEK	0.167
PROSER1	POM121	0.167
TACC3	HNRNPA1	0.167
CASC3	DDX50	0.167
HNRNPA1	MPHOSPH8	0.167
SMG9	ATXN2L	0.167
ARHGEF17	NOP2	0.167
TDRKH	SH3BP4	0.167
NCAPH	CTCF	0.167
LIG1	HCFC1	0.167
DDX5	SPAG9	0.167
LEMD3	SEC23IP	0.167
RANBP2	NOLC1	0.167
KDM5A	ATXN2	0.167
NASP	CHAMP1	0.167
KDM5A	ZC3H11A	0.167
NCL	UHRF1	0.167
SUN1	BCLAF1	0.167
VIM	UHRF1	0.167
DHX30	BCLAF1	0.167
UBASH3B	ABL2	0.167
STRN	CUX1	0.166
POLD3	GTSE1	0.166
UTP14A	UBAP2L	0.166
CASC3	ZNF318	0.166
ATXN2L	RBM17	0.166
PCYT1A	SPTY2D1	0.166
LIG1	CENPJ	0.166
PDLIM1	BCAR1	0.166
CDC5L	NGDN	0.166
DDX5	ZNF318	0.166
CCAR2	DEK	0.166
MAP4	NOLC1	0.166
TOB2	ATXN2	0.166
FEN1	HSPH1	0.166
CDC25B	VIM	0.166
SMG9	WIZ	0.166
TRIM28	RTF1	0.166
TPR	DDX50	0.166
RRP1B	ARHGAP11A	0.166
RIPK4	SLC26A6	0.166
NCAPH	FTSJ3	0.166
PPP1R13B	ESPL1	0.166
NCAPG	CTCF	0.166
DLGAP5	NOLC1	0.166
E2F8	ZNF318	0.166
SF3B1	TCOF1	0.166
TMEM131	MAP1B	0.166
MICALL1	SSRP1	0.166
THOC2	DNTTIP2	0.166
NCAPH	HAUS6	0.166
COIL	DDX3X	0.166
MSH6	KMT2B	0.166
SPAG9	CEP170	0.166
CEP170	SYNRG	0.166
TMPO	SON	0.166
MCMBP	AHCTF1	0.166
TUT1	NCL	0.166
LMO7	VIM	0.166
NASP	BMS1	0.166
SLAIN2	SPTY2D1	0.166
COIL	TTK	0.166
ADD3	TPD52	0.166
NCAPH	SYNRG	0.166
NCL	NES	0.166
PRRC2A	ZC3H11A	0.166
UBASH3B	STAU2	0.165
TPR	EXOSC10	0.165
PKN2	KDM5A	0.165
MICALL1	GATAD2A	0.165
MICALL1	LMO7	0.165
PPRC1	BRCA1	0.165
CASC3	UBAP2L	0.165
RIPK4	NEDD4L	0.165
DNMT1	ABL2	0.165
EPN1	GTSE1	0.165
DLGAP5	RAD18	0.165
PPRC1	BCAR1	0.165
TCOF1	STAU2	0.165
ORC1	TCOF1	0.165
OSBPL8	ADD3	0.165
LEMD3	DDX50	0.165
KIF23	MAP4	0.165
KIF23	TP53BP1	0.165
CRIPT	VIM	0.165
EXOSC10	CHAMP1	0.165
TRPS1	VIM	0.165
CCAR2	PBRM1	0.165
SUN1	VIM	0.165
PRRC2A	EPN1	0.165
NASP	CTNND1	0.165
DPF2	INCENP	0.165
TACC3	CCNL2	0.165
LASP1	MYO9B	0.165
SYDE1	NES	0.165
CDCA8	DNTTIP2	0.165
MAP4	HP1BP3	0.165
HNRNPA1	ADD3	0.165
GPSM1	CHAMP1	0.165
CREBBP	NCL	0.165
HAUS6	DEPDC1	0.165
AHNAK	HMMR	0.165
ZNF318	AHCTF1	0.165
LIG1	SMG1	0.165
SON	ZNF318	0.164
POLD3	TPR	0.164
MAP7D1	AHNAK	0.164
NCL	PIAS1	0.164
TPX2	PBRM1	0.164
SLC38A2	DDX3X	0.164
PTPN12	NUSAP1	0.164
MGA	ADAR	0.164
DPF2	TRIM28	0.164
SF3B1	KDM5A	0.164
MPHOSPH8	ZRANB2	0.164
TPD52	NR4A1	0.164
THOC2	RSL1D1	0.164
CDC25B	NASP	0.164
UBASH3B	SECISBP2L	0.164
NPM1	CKAP4	0.164
RPA1	TCOF1	0.164
RPA1	PSIP1	0.164
CDC25B	CEP170	0.164
CDC25B	FOSL1	0.164
MICALL1	FTSJ3	0.164
NPM1	HCFC1	0.164
SLAIN2	DDX50	0.164
GULP1	EPN1	0.164
DPF2	BAZ1A	0.164
RB1	INCENP	0.164
DLGAP5	FOSL1	0.164
CDC25A	HNRNPA1	0.164
TNRC6A	CLIP1	0.164
PYGB	HSPH1	0.164
DLGAP5	UBAP2L	0.164
MSH6	COIL	0.164
TCOF1	FTSJ3	0.164
SPAG9	CDC27	0.164
PTPN12	EPN1	0.164
DDX5	TRPS1	0.164
KDM5A	UHRF1	0.164
TPR	LIMCH1	0.164
MGA	AHCTF1	0.164
CRIPT	THOC2	0.164
PKN2	PBRM1	0.164
DDX5	TP53BP1	0.164
ANKLE2	LMO7	0.164
ANKLE2	DCP1A	0.164
PKN2	CKAP4	0.164
CASP8AP2	CTCF	0.164
KMT2B	SMG7	0.164
DLGAP5	AHCTF1	0.163
TFAP4	COIL	0.163
RBM17	UBAP2L	0.163
RB1	HMMR	0.163
TRIM28	SEC16A	0.163
BCLAF1	VIM	0.163
POLD3	RIPK4	0.163
EHD4	AHNAK	0.163
DDX5	POM121	0.163
LIMCH1	MYO9B	0.163
BRCA1	ZC3H11A	0.163
CDC27	SYNRG	0.163
GTSE1	SYNRG	0.163
MSH6	TEX10	0.163
PNN	TCOF1	0.163
TFAP4	GATAD2A	0.163
RB1	TPX2	0.163
RB1	DDX3X	0.163
MGA	CREBBP	0.163
PRRX1	ATXN2L	0.163
SORBS3	ATXN2L	0.163
PNN	TMPO	0.163
NASP	TCOF1	0.163
NASP	NUP214	0.163
NSD1	ABL2	0.163
ARID5B	RACGAP1	0.163
LMO7	NEDD4L	0.163
TPX2	CLIP1	0.163
USP1	ASXL2	0.163
KIF15	BCAR1	0.163
MED1	SYNRG	0.163
NUP214	KMT2B	0.163
MED1	NUP214	0.163
LASP1	TPD52	0.163
BAZ1B	RFX7	0.163
RRP1B	CHAMP1	0.163
CDC5L	DCP1A	0.163
SEC23IP	EIF2B4	0.163
ARHGAP11A	HP1BP3	0.163
TACC3	MAP7D1	0.163
MAP4	TPD52	0.163
ORC1	SYNRG	0.163
ORC1	CDC27	0.163
RIPK4	WIZ	0.163
TPR	UTP14A	0.163
TPR	DNTTIP2	0.163
SPTY2D1	EIF2B4	0.163
SCAF4	CD3EAP	0.163
RANBP2	FTSJ3	0.163
ANKLE2	BCLAF1	0.163
MYBBP1A	UBAP2L	0.163
CEP170	KIF20B	0.163
CCAR2	FTSJ3	0.163
AHCTF1	RACGAP1	0.163
MKI67	PDLIM1	0.163
MKI67	CENPJ	0.163
CCAR2	DCP1A	0.163
CCAR2	RTF1	0.163
FEN1	SYDE1	0.163
SAP130	SYNRG	0.163
C1orf131	SURF6	0.163
STK17A	CEP170	0.163
PKN2	BCLAF1	0.163
PRRC2A	NEDD4L	0.163
CCAR2	DDX3X	0.162
SLAIN2	DBNL	0.162
TSC2	ADAR	0.162
DDX50	TCOF1	0.162
DHX30	AMBRA1	0.162
SF3B1	RECQL	0.162
ASPM	NOLC1	0.162
C5orf30	ATXN2	0.162
DDX5	AHNAK	0.162
RECQL	NUSAP1	0.162
MED1	LEMD3	0.162
RPA1	HMMR	0.162
RPA1	RBM17	0.162
RPA1	ESPL1	0.162
PYGB	LASP1	0.162
TPR	MAP7D1	0.162
CREBBP	TRPS1	0.162
CENPF	CTCF	0.162
CDC25A	VIM	0.162
SEC16A	TPR	0.162
MPHOSPH8	EXOSC10	0.162
TMPO	SCAF4	0.162
TMPO	NUMA1	0.162
PRRX1	KDM5A	0.162
ANKLE2	CENPF	0.162
GEMIN5	SON	0.162
RRP1B	C1orf131	0.162
TFAP4	VIM	0.161
CDC5L	HAUS6	0.161
POM121	PBRM1	0.161
BAZ1B	KMT2B	0.161
RAP1GAP2	SH3BP4	0.161
NES	ORC1	0.161
NOSIP	ZC3H11A	0.161
ARHGAP11A	CASP8AP2	0.161
RANBP2	BCAR1	0.161
ASPM	TCOF1	0.161
C5orf30	SMG1	0.161
NCAPH	BMS1	0.161
SLC26A6	UBAP2L	0.161
SPTY2D1	PBK	0.161
NCAPH	CDC25B	0.161
NCAPH	CKAP4	0.161
HCFC1	KDM5A	0.161
SON	BCAR1	0.161
SSRP1	INCENP	0.161
AHCTF1	CASP8AP2	0.161
DNMBP	GTSE1	0.161
EHD4	KMT2B	0.161
TCOF1	HMGA1	0.161
SORBS3	LMO7	0.161
ADD3	BAZ1A	0.161
ANKLE2	DHX30	0.161
GATAD2A	KMT2B	0.161
MKI67	ABI1	0.161
NASP	SCAF4	0.161
CREBBP	PPRC1	0.161
CREBBP	VIM	0.161
TRPS1	DEK	0.161
GEMIN5	RSL1D1	0.161
SF3B1	CTCF	0.161
BCAR1	BRCA1	0.161
UBAP2L	CD3EAP	0.161
RIPK4	CTNND1	0.161
MCMBP	NSD1	0.161
RIPK4	DHX30	0.161
ANLN	RANBP2	0.161
SF3B1	UTP14A	0.161
CASC3	GATAD2A	0.161
TOB2	MYBBP1A	0.161
SPTY2D1	CDC27	0.161
MAP1B	ADD3	0.161
NSD1	ZC3H11A	0.161
TPR	RACGAP1	0.161
MCMBP	FTSJ3	0.161
MSH6	INCENP	0.161
LEMD3	TP53BP1	0.161
PSIP1	NOLC1	0.161
TPX2	CWC25	0.161
PPRC1	DCP1A	0.161
TMPO	SEC24A	0.161
GEMIN5	DHX30	0.16
RPA1	ASPM	0.16
MED1	PKN2	0.16
NCAPH	CDC27	0.16
FEN1	NSD1	0.16
TMEM131	KMT2B	0.16
TACC3	TCOF1	0.16
NCL	CDCA8	0.16
NCL	MPHOSPH8	0.16
CUX1	MKI67	0.16
VIM	CTCF	0.16
MPHOSPH8	NGDN	0.16
TMEM131	TRAM1	0.16
NCAPG	AHCTF1	0.16
CREBBP	HNRNPA1	0.16
PNN	DDX3X	0.16
RAD18	E2F7	0.16
TMPO	CUX1	0.16
AHNAK	AMBRA1	0.16
DPF2	NSD1	0.16
RAD18	MED1	0.16
RANBP2	BAZ1A	0.16
ESPL1	DNMT1	0.16
PPRC1	FOSL1	0.16
TACC3	RASAL2	0.16
CUX1	ADAR	0.16
NPM1	CEP170	0.16
NASP	CKAP2L	0.16
SLC38A2	BCLAF1	0.16
PKN2	CTNND1	0.159
SON	ASXL2	0.159
COIL	DHX30	0.159
BMS1	UBAP2L	0.159
TRIM28	PROSER1	0.159
HCFC1	UHRF1	0.159
RRP1B	USP1	0.159
CUX1	CCNL2	0.159
SLC38A2	ZRANB2	0.159
SON	CEP170	0.159
MSH6	E2F8	0.159
NCL	PRRC2A	0.159
MSH6	SMG1	0.159
DDX50	SMG1	0.159
NCAPH	PIAS1	0.159
DDX5	LASP1	0.159
NOLC1	NUSAP1	0.159
DNMT1	RECQL	0.159
USP1	CCNL2	0.159
PBRM1	PIAS1	0.159
SAP130	UBAP2L	0.159
TRAM1	SMG1	0.159
MED1	CCAR2	0.159
MICALL1	WIZ	0.159
NPM1	SON	0.159
ARID5B	ABL2	0.159
SPAG9	DBNL	0.159
CEP170	CENPF	0.159
TRAM1	SMG9	0.159
TPX2	NOP2	0.159
PPP1R13B	STRN	0.159
SSRP1	NSD1	0.159
SEC23IP	DDX50	0.159
TCOF1	ATXN2	0.159
SEC23IP	SMG7	0.159
TMPO	WIZ	0.159
ADAR	ATXN2	0.159
SEC23IP	ATXN2	0.159
FEN1	VIM	0.159
SEC23IP	UBAP2L	0.159
TP53BP1	DEK	0.159
TOB2	NR4A1	0.158
SPAG9	KIF18B	0.158
ABI1	AHNAK	0.158
HNRNPA1	HSPH1	0.158
ARID5B	BCAR1	0.158
RB1	VIM	0.158
E2F7	HYLS1	0.158
HP1BP3	DHX30	0.158
THOC2	TEX10	0.158
ADAR	SMG1	0.158
RIPK4	VIM	0.158
TRIM28	PHC2	0.158
STK17A	RIPK4	0.158
TPX2	SPTY2D1	0.158
MKI67	HAUS6	0.158
CDC25A	PIAS1	0.158
SLAIN2	RASAL2	0.158
BAZ1A	ZC3H11A	0.158
ZNF318	BCLAF1	0.158
NCAPG	UBAP2L	0.158
NPM1	TUT1	0.158
MED1	CDC27	0.158
NEDD4L	PIAS1	0.158
SF3B1	PRRC2A	0.158
PNN	CCNL2	0.158
DLGAP5	SPTY2D1	0.158
CCNL2	DEK	0.158
BAZ1A	UTP14A	0.158
CCNL2	CTCF	0.158
MPG	RAD18	0.158
ADD3	AHNAK	0.158
NGDN	BCLAF1	0.158
SON	DNMT1	0.158
RPA1	KMT2B	0.158
EIF2B4	CD3EAP	0.158
NSD1	RFX7	0.158
RRP1B	BRCA1	0.157
DNMT1	RTF1	0.157
RAP1GAP2	GPSM1	0.157
CDC25B	UHRF1	0.157
PDLIM1	PIAS1	0.157
TFAP4	E2F7	0.157
RPA1	EXOSC10	0.157
TPX2	DEK	0.157
E2F7	KDM5A	0.157
RRP1B	WIZ	0.157
ASPM	FTSJ3	0.157
CDC25A	HCFC1	0.157
TPR	SMG1	0.157
BCAR1	PBK	0.157
COIL	DEK	0.157
MGA	RPA1	0.157
ESPL1	KDM5A	0.157
ESPL1	USP1	0.157
TMEM131	UBAP2L	0.157
PPRC1	CDC25A	0.157
EXOSC10	TP53BP1	0.157
ASXL2	AMBRA1	0.157
NCAPH	PBRM1	0.157
RIPK4	KMT2B	0.157
ARHGEF17	DCP1A	0.157
SCAF4	DCP1A	0.157
TPR	HSPH1	0.156
RASAL2	TOR1AIP1	0.156
SCAF4	SEC16A	0.156
NPM1	HAUS6	0.156
MSH6	DDX50	0.156
DPF2	SAP130	0.156
TPX2	DHX30	0.156
MAP4	ESYT2	0.156
FTSJ3	KIF18B	0.156
SPTY2D1	PKN2	0.156
SF3B1	KIF20B	0.156
TPR	DCP1A	0.156
HMMR	CTCF	0.156
PKN2	CLIP1	0.156
MICALL1	UBAP2L	0.156
RRP1B	SEC23IP	0.156
DLGAP5	MAP4	0.156
SECISBP2L	HSPH1	0.156
UBASH3B	KIF20B	0.156
AHCTF1	CTCF	0.156
KIF20B	MYO9B	0.156
GATAD2A	PIAS1	0.156
SSRP1	DDX3X	0.156
FOSL1	RACGAP1	0.156
ADD3	EPN1	0.156
EHD4	VIM	0.156
SPAG9	ABI1	0.156
CREBBP	DHX30	0.156
SMG9	DDX50	0.156
ARID5B	PIAS1	0.156
MPHOSPH8	BRCA1	0.156
CEP170	ORC1	0.156
TSC2	TPR	0.156
ARID5B	TTK	0.156
FOSL1	NES	0.156
CREBBP	MAP1B	0.156
SEC16A	MYBBP1A	0.156
HNRNPA1	NOP2	0.156
RECQL	DEK	0.156
PBK	BCLAF1	0.156
SCAF4	SMG1	0.156
CKAP4	PBK	0.156
CDC5L	PSIP1	0.156
RPA1	CENPJ	0.156
TPR	ATXN2	0.156
CEP170	ABL2	0.156
NASP	CREBBP	0.156
COIL	MPHOSPH8	0.156
PBK	HSPH1	0.156
DDX50	POM121	0.156
SURF6	TEX10	0.156
CDC25A	HAUS6	0.156
USP1	ZRANB2	0.156
SSRP1	HP1BP3	0.155
BAZ1A	RFX7	0.155
DLGAP5	CTCF	0.155
NCAPH	NEDD4L	0.155
MYBBP1A	HSPH1	0.155
RANBP2	TNRC6A	0.155
DLGAP5	FTSJ3	0.155
PRRX1	RPA1	0.155
RRP1B	PBK	0.155
CRIPT	SMG1	0.155
DNMT1	GTSE1	0.155
MCMBP	CDC5L	0.155
OSBPL8	SF3B1	0.155
TPX2	CKAP4	0.155
POLD3	E2F7	0.155
DPF2	SAV1	0.155
TCOF1	UHRF1	0.155
CUX1	NUMA1	0.155
NCL	ZNF318	0.155
TACC3	PRRC2A	0.155
TACC3	RRP1B	0.155
HAUS6	UHRF1	0.155
MED1	KMT2B	0.155
MPHOSPH8	CDC5L	0.155
MPHOSPH8	TTK	0.155
CREBBP	AHNAK	0.155
STK17A	ASXL2	0.155
DDX5	SMG9	0.155
KIF15	CCNL2	0.155
NOLC1	CHAMP1	0.155
NPM1	UBAP2L	0.155
ZRANB2	ABI1	0.155
KIF15	USP1	0.155
DPF2	KMT2B	0.155
LIMCH1	ZC3H11A	0.155
SLC38A2	AHNAK	0.155
KDM5A	SECISBP2L	0.155
NCAPG	MYO9B	0.155
PBK	MYO9B	0.155
PBK	DEK	0.155
UBAP2L	ABL2	0.155
SLC38A2	PBK	0.155
USP1	DEPDC1	0.154
SAP130	POM121	0.154
DDX5	ZRANB2	0.154
RASSF1	NUMA1	0.154
ESPL1	PHLDA2	0.154
AKAP12	SIPA1L1	0.154
ADD3	DBNL	0.154
PRRC2A	PBRM1	0.154
TUT1	DNMT1	0.154
EXOSC10	NSD1	0.154
ANKLE2	EPN1	0.154
MPG	TP53BP1	0.154
NCL	TACC3	0.154
SUN1	CLIP1	0.154
DNMBP	LASP1	0.154
AHNAK	CDC27	0.154
ABI1	RACGAP1	0.154
NPM1	FOSL1	0.154
RB1	DDX50	0.154
SSRP1	TPX2	0.154
SLAIN2	AHCTF1	0.154
UBAP2L	ZC3H11A	0.154
MSH6	AHCTF1	0.154
MAP7D1	DHX30	0.154
DPF2	SIPA1L1	0.154
SPTY2D1	HSPH1	0.154
RRP1B	RACGAP1	0.154
TPX2	RRP1B	0.154
PSIP1	PIAS1	0.154
PIAS1	CTCF	0.154
PNN	NASP	0.154
BMS1	CDC27	0.154
RECQL	CDC27	0.154
MED1	PRRC2A	0.154
SPTY2D1	ASPM	0.154
MED1	NUMA1	0.154
SCAF4	RBM17	0.154
CKAP4	DHX30	0.154
PNN	CENPJ	0.154
LIG1	WIZ	0.154
HNRNPA1	MAP4	0.154
MSH6	RANBP2	0.154
SEC16A	CLIP1	0.154
CDC5L	POM121	0.154
E2F8	LEMD3	0.154
NES	AKAP12	0.154
AHCTF1	SMG1	0.153
MAP4	SIPA1L1	0.153
TTK	CDC5L	0.153
AHCTF1	BRCA1	0.153
MAP4	BMS1	0.153
MICALL1	MYBBP1A	0.153
MCMBP	KIF20B	0.153
DDX5	NUMA1	0.153
TPR	CDC27	0.153
MPHOSPH8	VIM	0.153
NUP214	MAP4	0.153
ZNF318	HMMR	0.153
TMEM131	CREBBP	0.153
COIL	DPF2	0.153
FEN1	PSIP1	0.153
TCOF1	HMMR	0.153
TCOF1	INCENP	0.153
SPTY2D1	SLC26A6	0.153
SPTY2D1	RTF1	0.153
LEMD3	BMS1	0.153
NCAPG	NUMA1	0.153
SF3B1	SURF6	0.153
LEMD3	PBRM1	0.153
LEMD3	DEK	0.153
LMO7	DNTTIP2	0.153
FOSL1	PKN2	0.153
TRIM28	TACC3	0.153
TRIM28	EXOSC10	0.153
CCAR2	BAZ1B	0.153
SAP130	ZNF318	0.153
TACC3	HMGA1	0.153
CCAR2	PRRC2A	0.153
RPA1	ANLN	0.153
RPA1	HSPH1	0.153
ZNF609	DNMT1	0.153
TEX10	CD3EAP	0.153
NOLC1	DEK	0.153
NASP	HSPH1	0.153
SPAG9	BCLAF1	0.153
E2F7	CENPJ	0.153
FTSJ3	NUSAP1	0.153
DLGAP5	DNMT1	0.153
PPRC1	CDCA8	0.153
CDC25A	CEP170	0.153
RAD18	CDC27	0.153
POLD3	WIZ	0.153
HMMR	SLC26A6	0.153
USP1	MAP7D1	0.153
UBASH3B	CCDC137	0.153
THOC2	TUT1	0.153
CREBBP	PRRC2A	0.152
TP53BP1	VIM	0.152
SCAF4	TNRC6A	0.152
SCAF4	BCLAF1	0.152
PPFIBP1	RASAL2	0.152
SMG9	CLIP1	0.152
NOP2	UBAP2L	0.152
BAZ1A	SMG1	0.152
PRRC2A	POM121	0.152
PRRC2A	MYO9B	0.152
TMPO	DHX30	0.152
KIF23	CTNND1	0.152
MYBBP1A	KMT2B	0.152
CCAR2	RRP1B	0.152
PYGB	UBASH3B	0.152
RAD18	TPX2	0.152
HCFC1	POM121	0.152
RAD18	CASP8AP2	0.152
NPM1	DCP1A	0.152
SLAIN2	SYNRG	0.152
INCENP	DDX3X	0.152
LIG1	NPM1	0.152
TUT1	DCP1A	0.152
E2F7	USP1	0.152
CEP170	TCOF1	0.152
TRIM28	AHNAK	0.152
PTPN12	STRN	0.152
SEC16A	HNRNPA1	0.152
USP1	CDC5L	0.152
NCAPH	BCAR1	0.152
RAP1GAP2	STRN	0.152
RIPK4	TPR	0.152
STIL	DEK	0.152
THOC2	CWF19L2	0.152
ANKLE2	TCOF1	0.152
MAP7D1	FTSJ3	0.152
NOLC1	HSPH1	0.152
MAP4	REPIN1	0.152
DLGAP5	CDC27	0.152
PTPN12	ABI1	0.151
AHNAK	DHX30	0.151
TUT1	RACGAP1	0.151
GEMIN5	CCAR2	0.151
MAP4	BCLAF1	0.151
FTSJ3	SIPA1L1	0.151
ATXN2L	NGDN	0.151
TTK	MYBBP1A	0.151
PRRC2C	CDC5L	0.151
ANLN	DNTTIP2	0.151
PRRX1	MAP1B	0.151
LIG1	NUMA1	0.151
MAP1B	NCL	0.151
THOC2	SIPA1L1	0.151
POLD3	NSD1	0.151
RAD18	GEMIN5	0.151
MYBBP1A	DDX3X	0.151
PNN	CREBBP	0.151
CASC3	DHX30	0.151
PRRX1	CENPF	0.151
MPG	DNMT1	0.151
TCOF1	POM121	0.151
KIF23	BAZ1A	0.151
STK17A	HSPH1	0.151
DDX5	BAZ1B	0.151
MPHOSPH8	BMS1	0.151
NCL	TEX10	0.151
RPA1	ADAR	0.151
SLC38A2	DEK	0.151
SLC38A2	SMG7	0.151
ASXL2	CTCF	0.151
COIL	NSD1	0.151
PBRM1	ZC3H11A	0.151
PBRM1	CD3EAP	0.151
TRIM28	PHLDA2	0.151
CASC3	BMS1	0.151
RIPK4	TRPS1	0.151
TUT1	MYBBP1A	0.151
RIPK4	SECISBP2L	0.151
LEMD3	RFX7	0.151
RIPK4	PBRM1	0.151
GTSE1	RSL1D1	0.151
DDX50	SMG7	0.151
ARID5B	NSD1	0.151
SCAF4	DEK	0.15
SURF6	BAZ1A	0.15
NPM1	DEPDC1	0.15
ANKLE2	BCAR1	0.15
SON	EXOSC10	0.15
PPP1R13B	ATXN2	0.15
PRRX1	CTCF	0.15
RTF1	SIPA1L1	0.15
RB1	MPHOSPH8	0.15
THOC2	NOP2	0.15
NOLC1	HMGA1	0.15
TPX2	MYBBP1A	0.15
DNMT1	STIL	0.15
AHCTF1	WIZ	0.15
ESPL1	SUN1	0.15
PKN2	NUMA1	0.15
UBAP2L	KMT2B	0.15
TSC2	ATXN2L	0.15
CTNND1	SMG1	0.15
CREBBP	DCP1A	0.15
CREBBP	STIL	0.15
RRP1B	HMMR	0.15
ORC1	FTSJ3	0.15
AHNAK	MYO9B	0.15
E2F7	INCENP	0.15
TTK	BAZ1A	0.15
TPR	CCNL2	0.15
TPR	BAZ1A	0.15
PIAS1	SECISBP2L	0.15
LIG1	DHX30	0.15
DLGAP5	NSD1	0.15
POM121	KMT2B	0.15
MED1	NOLC1	0.15
MED1	TACC3	0.15
SYDE1	CHAMP1	0.15
BAZ1B	UTP14A	0.15
ESPL1	RAD18	0.15
